Workbook

Sheet Fitting
A1: FITTING CONTAINER 2026 | AT1: 1.6
A2: NO | B2: LOC | C2: CONTAINER | D2: LINER | E2: CHINA FORWARDER | F2: MALAYSIA FORWARDER | G2: CONSIGNEE | H2: FACTORY | I2: PRODUCT | J2: LOADING | K2: ETC | L2: ETD | M2: ETA | N2: ETA DELAY | O2: ATA | P2: STACKED | Q2: FREE DAYS AVAILABLE | T2: INSPECTION | U2: APPROVAL | V2: ORI DOC RECEIVED DATE | W2: K1 SUBMISSION | X2: GATEPASS | Y2: DELIVERY WAREHOUSE | Z2: YARD ARRIVALS | AA2: WAREHOUSE ARRIVALS | AB2: INFORMED COLLECTION | AC2: COLLECTION | AD2: REMARKS 1 | AE2: REMARKS 2 | AF2: REMARKS 3 | AG2: 2ND LABOUR CHARGE | AH2: K1 RATE | AI2: CHINA FORWARDING COST (RMB) | AJ2: PRODUCT VALUE (RMB) | AK2: 0.014 | AL2: DATE RECEIVE K1 | AM2: SST AMOUNT | AN2: LOCAL CLEARANCE CHARGES | AO2: KOPI | AP2: DEMURRAGE | AQ2: PORT CHARGES | AR2: DETENTION | AS2: TOTAL LOCAL CLEARANCE | AT2: TOTAL FREIGHT | AU2: CARGO INSURANCE | AV2: SRT? MBS? BOTH? | AW2: LOCAL CLEARANCE CHARGES | AX2: USD | AY2: SST | BB2: Demurrange | BD2: Detention | BF2: Rate | BG2: System | BH2: Actual | BI2: Diff
A3: =ROW()-2 -> 1 | C3: GXYU5106903 | D3: CMA | E3: Onetouch | F3: MPM | G3: Sorento (Mocha) | H3: Honor | J3: 46182 | K3: 46186 | L3: 46188 | M3: 46194 | N3: 46211 | Q3: 21 | R3: + | S3: 0 | X3: 46211 | AH3: 0.6118 | AI3: 12050 | AJ3: 105240 | AK3: =AJ3*1.4% -> 1473.36 | AL3: 46209 | AM3: 6438.6 | AY3: XY 06/07/2026 17:50PM | BA3: =Q3 -> 21 | BB3: =N3+BA3-1 -> 46231 | BC3: =S3 -> 0 | BD3: =AA3+BC3 -> 0 | BF3: =VLOOKUP(C3,[1]Sheet!$F:$Q,9,FALSE) -> 0.6118 | BG3: =VLOOKUP(C3,[1]Sheet!$F:$Q,5,FALSE) -> 63950 | BH3: =VLOOKUP(C3,[1]Sheet!$F:$Q,12,FALSE) -> 0 | BI3: =BG3-BH3 -> 63950
A4: =ROW()-2 -> 2 | B4: MWH | C4: GXYU5115470 | D4: CMA | E4: Onetouch | F4: Sataka | G4: Sorento | H4: Yanggang | I4: 2406+7547-BL+7547+6047-BL+6047+8047-BL+6647-BL+2435+2435-BL | J4: 46183 | K4: 46186 | L4: 46188 | M4: 46194 | N4: 46215 | Q4: 14 | R4: + | S4: 0 | X4: 46216 | AI4: 11650 | AY4: XY 09/07/2026 9.27AM | BA4: =Q4 -> 14 | BB4: =N4+BA4-1 -> 46228 | BC4: =S4 -> 0 | BD4: =AA4+BC4 -> 0 | BF4: =VLOOKUP(C4,[1]Sheet!$F:$Q,9,FALSE) -> 0.6118 | BG4: =VLOOKUP(C4,[1]Sheet!$F:$Q,5,FALSE) -> 165371 | BH4: =VLOOKUP(C4,[1]Sheet!$F:$Q,12,FALSE) -> 0 | BI4: =BG4-BH4 -> 165371
A5: =ROW()-2 -> 3 | C5: OOCU8630645 | D5: OOCL | E5: Onetouch | F5: Sataka | G5: Sorento | H5: Wenli+Nat Plumbing+Haihuang | J5: 46193 | K5: 46196 | L5: 46198 | M5: 46205 | N5: 46209 | Q5: 21 | R5: + | S5: 0 | X5: 46210 | AI5: 12100 | AY5: XY 02/07/2026 10.43AM | BA5: =Q5 -> 21 | BB5: =N5+BA5-1 -> 46229 | BC5: =S5 -> 0 | BD5: =AA5+BC5 -> 0 | BF5: =VLOOKUP(C5,[1]Sheet!$F:$Q,9,FALSE) -> 0.6059 | BG5: =VLOOKUP(C5,[1]Sheet!$F:$Q,5,FALSE) -> 23400 | BH5: =VLOOKUP(C5,[1]Sheet!$F:$Q,12,FALSE) -> 0 | BI5: =BG5-BH5 -> 23400
A6: =ROW()-2 -> 4 | C6: SEGU4008631 | D6: CMA | E6: Hongxin | F6: MPM | G6: Sorento (Mocha) | H6: Taiyang | J6: 46199 | K6: 46201 | L6: 46204 | M6: 46213 | N6: 46215 | Q6: 14 | R6: + | S6: 0 | X6: 46220 | AH6: 0.6118 | AI6: 11300 | AJ6: 606196 | AK6: =AJ6*1.4% -> 8486.744 | AL6: 46212 | AM6: 37087.1 | AY6: XY 09/07/2026 14.45AM | BA6: =Q6 -> 14 | BB6: =N6+BA6-1 -> 46228 | BC6: =S6 -> 0 | BD6: =AA6+BC6 -> 0 | BF6: =VLOOKUP(C6,[1]Sheet!$F:$Q,9,FALSE) -> 0.6 | BG6: =VLOOKUP(C6,[1]Sheet!$F:$Q,5,FALSE) -> 513090 | BH6: =VLOOKUP(C6,[1]Sheet!$F:$Q,12,FALSE) -> 0 | BI6: =BG6-BH6 -> 513090
A7: =ROW()-2 -> 5 | B7: MWH | C7: GAOU7415150 | D7: MSC | E7: Onetouch | F7: Sataka | G7: Sorento | H7: Yanggang | J7: 46201 | K7: 46203 | L7: 46207 | M7: 46211 | N7: 46213 | Q7: 14 | R7: + | S7: 0 | X7: 46216 | AI7: 12700 | AY7: XY 07/07/2026 03.44PM | BA7: =Q7 -> 14 | BB7: =N7+BA7-1 -> 46226 | BC7: =S7 -> 0 | BD7: =AA7+BC7 -> 0 | BF7: =VLOOKUP(C7,[1]Sheet!$F:$Q,9,FALSE) -> 0.6118 | BG7: =VLOOKUP(C7,[1]Sheet!$F:$Q,5,FALSE) -> 178911 | BH7: =VLOOKUP(C7,[1]Sheet!$F:$Q,12,FALSE) -> 0 | BI7: =BG7-BH7 -> 178911
A8: =ROW()-2 -> 6 | B8: MWH | C8: MSBU6815451 | D8: MSC | E8: Onetouch | F8: Sataka | G8: Sorento | H8: Yanggang | J8: 46201 | K8: 46203 | L8: 46207 | M8: 46211 | N8: 46213 | Q8: 14 | R8: + | S8: 0 | X8: 46216 | AI8: 12700 | AY8: XY 07/07/2026 03.44PM | BA8: =Q8 -> 14 | BB8: =N8+BA8-1 -> 46226 | BC8: =S8 -> 0 | BD8: =AA8+BC8 -> 0 | BF8: =VLOOKUP(C8,[1]Sheet!$F:$Q,9,FALSE) -> 0.6118 | BG8: =VLOOKUP(C8,[1]Sheet!$F:$Q,5,FALSE) -> 140055 | BH8: =VLOOKUP(C8,[1]Sheet!$F:$Q,12,FALSE) -> 0 | BI8: =BG8-BH8 -> 140055
A9: =ROW()-2 -> 7 | C9: DRYU9923315 | D9: ESL | E9: Onetouch | F9: MPM | G9: Sorento (Mocha) | H9: Taiyang | J9: 46206 | K9: 46209 | L9: 46211 | M9: 46217 | N9: 46219 | Q9: 14 | R9: + | S9: 0 | AH9: 0.6027 | AI9: 11900 | AJ9: 507525 | AK9: =AJ9*1.4% -> 7105.35 | AL9: 46218 | AM9: 24838.3 | AY9: XY 15/07/2026 15:29PM | BA9: =Q9 -> 14 | BB9: =N9+BA9-1 -> 46232 | BC9: =S9 -> 0 | BD9: =AA9+BC9 -> 0 | BF9: =VLOOKUP(C9,[1]Sheet!$F:$Q,9,FALSE) -> 0.6027 | BG9: =VLOOKUP(C9,[1]Sheet!$F:$Q,5,FALSE) -> 377990 | BH9: =VLOOKUP(C9,[1]Sheet!$F:$Q,12,FALSE) -> 0 | BI9: =BG9-BH9 -> 377990
A10: =ROW()-2 -> 8 | C10: CICU1013499 | D10: NSS | E10: Onetouch | F10: Sataka | G10: Sorento | H10: Wenli+Haihuang | J10: 46206 | K10: 46209 | L10: 46211 | M10: 46217 | N10: 46220 | Q10: 14 | R10: + | S10: 7 | X10: 46220 | AH10: 0.6118 | AI10: 12850 | AJ10: 151588.76 | AK10: =AJ10*1.4% -> 2122.2426 | AL10: 46216 | AM10: 9274.19 | AY10: XY 13/07/2026 08:19AM | BA10: =Q10 -> 14 | BB10: =N10+BA10-1 -> 46233 | BC10: =S10 -> 7 | BD10: =AA10+BC10 -> 7 | BF10: =VLOOKUP(C10,[1]Sheet!$F:$Q,9,FALSE) -> 0.6118 | BG10: =VLOOKUP(C10,[1]Sheet!$F:$Q,5,FALSE) -> 48138.47 | BH10: =VLOOKUP(C10,[1]Sheet!$F:$Q,12,FALSE) -> 0 | BI10: =BG10-BH10 -> 48138.47
A11: =ROW()-2 -> 9 | C11: TGBU9807730 | D11: MSC | E11: Onetouch | F11: MPM | G11: Sorento (Mocha) | H11: Affanni+Kaixin+Kailu+Caizhou+Hanshun+IDC+Sannora+Teca+Honor | J11: 46206 | K11: 46210 | L11: 46212 | M11: 46220 | N11: 46225 | Q11: 14 | R11: + | S11: 0 | AI11: 13400 | BA11: =Q11 -> 14 | BB11: =N11+BA11-1 -> 46238 | BC11: =S11 -> 0 | BD11: =AA11+BC11 -> 0 | BF11: =VLOOKUP(C11,[1]Sheet!$F:$Q,9,FALSE) -> 0.6 | BG11: =VLOOKUP(C11,[1]Sheet!$F:$Q,5,FALSE) -> 0 | BH11: =VLOOKUP(C11,[1]Sheet!$F:$Q,12,FALSE) -> 0 | BI11: =BG11-BH11 -> 0
A12: =ROW()-2 -> 10 | C12: TGCU5463218 | D12: CMA | E12: Onetouch | F12: MPM | G12: Sorento (Mocha) | H12: Muchen | J12: 46208 | K12: 46148 | L12: 46211 | M12: 46223 | N12: 46223 | Q12: 14 | R12: + | S12: 0 | AH12: 0.6027 | AI12: 7800 | AJ12: 178325.66 | AK12: =AJ12*1.4 -> 249655.92 | AL12: 46219 | AM12: 10747.7 | AY12: XY 16/07/2026 14:20PM | BA12: =Q12 -> 14 | BB12: =N12+BA12-1 -> 46236 | BC12: =S12 -> 0 | BD12: =AA12+BC12 -> 0 | BF12: =VLOOKUP(C12,[1]Sheet!$F:$Q,9,FALSE) -> 0.6027 | BG12: =VLOOKUP(C12,[1]Sheet!$F:$Q,5,FALSE) -> 70560.98 | BH12: =VLOOKUP(C12,[1]Sheet!$F:$Q,12,FALSE) -> 0 | BI12: =BG12-BH12 -> 70560.98
A13: =ROW()-2 -> 11 | C13: TLLU5104257 | D13: CMA | E13: Onetouch | F13: MPM | G13: Sorento | H13: Muchen | J13: 46208 | K13: 46148 | L13: 46211 | M13: 46223 | N13: 46223 | Q13: 14 | R13: + | S13: 0 | AH13: 0.6027 | AI13: 7800 | AL13: 46219 | AY13: XY 16/07/2026 14:20PM | BA13: =Q13 -> 14 | BB13: =N13+BA13-1 -> 46236 | BC13: =S13 -> 0 | BD13: =AA13+BC13 -> 0 | BF13: =VLOOKUP(C13,[1]Sheet!$F:$Q,9,FALSE) -> 0.6027 | BG13: =VLOOKUP(C13,[1]Sheet!$F:$Q,5,FALSE) -> 92522.48 | BH13: =VLOOKUP(C13,[1]Sheet!$F:$Q,12,FALSE) -> 0 | BI13: =BG13-BH13 -> 92522.48
A14: =ROW()-2 -> 12 | C14: TCNU3108843 | D14: CMA | E14: Hongxin | F14: MPM | G14: Sorento (Mocha) | H14: Taiyang | J14: 46209 | K14: 46210 | L14: 46303 | M14: 46223 | N14: 46223 | Q14: 14 | R14: + | S14: 0 | AH14: 0.6027 | AI14: 11200 | AJ14: 580792.38 | AK14: =AJ14*1.4% -> 8131.0933 | AL14: 46219 | AM14: 32485.1 | AY14: XY 16/07/2026 16:00PM | BA14: =Q14 -> 14 | BB14: =N14+BA14-1 -> 46236 | BC14: =S14 -> 0 | BD14: =AA14+BC14 -> 0 | BF14: =VLOOKUP(C14,[1]Sheet!$F:$Q,9,FALSE) -> #N/A | BG14: =VLOOKUP(C14,[1]Sheet!$F:$Q,5,FALSE) -> #N/A | BH14: =VLOOKUP(C14,[1]Sheet!$F:$Q,12,FALSE) -> #N/A | BI14: =BG14-BH14 -> #N/A
A15: =ROW()-2 -> 13 | C15: MSBU7310757 | D15: MSC | E15: Onetouch | F15: MPM | G15: Sorento | H15: Meisidi | J15: 46215 | K15: 46220 | L15: 46222 | M15: 46228 | N15: 46231 | Q15: 14 | R15: + | S15: 0 | AI15: 12000 | BA15: =Q15 -> 14 | BB15: =N15+BA15-1 -> 46244 | BC15: =S15 -> 0 | BD15: =AA15+BC15 -> 0 | BF15: =VLOOKUP(C15,[1]Sheet!$F:$Q,9,FALSE) -> #N/A | BG15: =VLOOKUP(C15,[1]Sheet!$F:$Q,5,FALSE) -> #N/A | BH15: =VLOOKUP(C15,[1]Sheet!$F:$Q,12,FALSE) -> #N/A | BI15: =BG15-BH15 -> #N/A
A16: =ROW()-2 -> 14 | C16: HASU4622420 | D16: MAE | E16: Onetouch | F16: MPM | G16: Sorento | H16: Muchen (Min Liong Kuching) | J16: 46216 | K16: 46218 | L16: 46220 | M16: 46231 | N16: 46231 | Q16: 14 | R16: + | S16: 0 | AI16: 16700 | BA16: =Q16 -> 14 | BB16: =N16+BA16-1 -> 46244 | BC16: =S16 -> 0 | BD16: =AA16+BC16 -> 0 | BF16: =VLOOKUP(C16,[1]Sheet!$F:$Q,9,FALSE) -> #N/A | BG16: =VLOOKUP(C16,[1]Sheet!$F:$Q,5,FALSE) -> #N/A | BH16: =VLOOKUP(C16,[1]Sheet!$F:$Q,12,FALSE) -> #N/A | BI16: =BG16-BH16 -> #N/A
A17: =ROW()-2 -> 15 | C17: TCLU1848910 | D17: CMA | E17: Onetouch | F17: MPM | G17: Sorento (Mocha) | H17: Wenli | J17: 46217 | K17: 46220 | L17: 46222 | M17: 46230 | Q17: 14 | R17: + | S17: 0 | AI17: 12000 | BA17: =Q17 -> 14 | BB17: =N17+BA17-1 -> 13 | BC17: =S17 -> 0 | BD17: =AA17+BC17 -> 0 | BF17: =VLOOKUP(C17,[1]Sheet!$F:$Q,9,FALSE) -> #N/A | BG17: =VLOOKUP(C17,[1]Sheet!$F:$Q,5,FALSE) -> #N/A | BH17: =VLOOKUP(C17,[1]Sheet!$F:$Q,12,FALSE) -> #N/A | BI17: =BG17-BH17 -> #N/A
A18: =ROW()-2 -> 16 | C18: TCNU5544173 | D18: CMA | E18: Onetouch | F18: MPM | G18: Sorento (Mocha) | H18: Lanyi+Nat Plumbing+Wenli+Haihuang | J18: 46217 | K18: 46221 | L18: 46223 | M18: 46231 | Q18: 14 | R18: + | S18: 0 | AI18: 12100 | BA18: =Q18 -> 14 | BB18: =N18+BA18-1 -> 13 | BC18: =S18 -> 0 | BD18: =AA18+BC18 -> 0 | BF18: =VLOOKUP(C18,[1]Sheet!$F:$Q,9,FALSE) -> #N/A | BG18: =VLOOKUP(C18,[1]Sheet!$F:$Q,5,FALSE) -> #N/A | BH18: =VLOOKUP(C18,[1]Sheet!$F:$Q,12,FALSE) -> #N/A | BI18: =BG18-BH18 -> #N/A
A19: =ROW()-2 -> 17 | C19: BEAU4036375 | D19: CMA | E19: Hongxin | F19: MPM | G19: Sorento (Mocha) | H19: Taiyang | J19: 46219 | K19: 46220 | L19: 46222 | M19: 46230 | Q19: 14 | R19: + | S19: 0 | AI19: 10800 | BA19: =Q19 -> 14 | BB19: =N19+BA19-1 -> 13 | BC19: =S19 -> 0 | BD19: =AA19+BC19 -> 0 | BF19: =VLOOKUP(C19,[1]Sheet!$F:$Q,9,FALSE) -> #N/A | BG19: =VLOOKUP(C19,[1]Sheet!$F:$Q,5,FALSE) -> #N/A | BH19: =VLOOKUP(C19,[1]Sheet!$F:$Q,12,FALSE) -> #N/A | BI19: =BG19-BH19 -> #N/A
A20: =ROW()-2 -> 18 | R20: + | BA20: =Q20 -> 0 | BB20: =N20+BA20-1 -> -1 | BC20: =S20 -> 0 | BD20: =AA20+BC20 -> 0 | BF20: =VLOOKUP(C20,[1]Sheet!$F:$Q,9,FALSE) -> #N/A | BG20: =VLOOKUP(C20,[1]Sheet!$F:$Q,5,FALSE) -> #N/A | BH20: =VLOOKUP(C20,[1]Sheet!$F:$Q,12,FALSE) -> #N/A | BI20: =BG20-BH20 -> #N/A
A21: =ROW()-2 -> 19 | R21: + | BA21: =Q21 -> 0 | BB21: =N21+BA21-1 -> -1 | BC21: =S21 -> 0 | BD21: =AA21+BC21 -> 0 | BF21: =VLOOKUP(C21,[1]Sheet!$F:$Q,9,FALSE) -> #N/A | BG21: =VLOOKUP(C21,[1]Sheet!$F:$Q,5,FALSE) -> #N/A | BH21: =VLOOKUP(C21,[1]Sheet!$F:$Q,12,FALSE) -> #N/A | BI21: =BG21-BH21 -> #N/A
A22: =ROW()-2 -> 20 | R22: + | BA22: =Q22 -> 0 | BB22: =N22+BA22-1 -> -1 | BC22: =S22 -> 0 | BD22: =AA22+BC22 -> 0 | BF22: =VLOOKUP(C22,[1]Sheet!$F:$Q,9,FALSE) -> #N/A | BG22: =VLOOKUP(C22,[1]Sheet!$F:$Q,5,FALSE) -> #N/A | BH22: =VLOOKUP(C22,[1]Sheet!$F:$Q,12,FALSE) -> #N/A | BI22: =BG22-BH22 -> #N/A
A23: =ROW()-2 -> 21 | R23: + | BA23: =Q23 -> 0 | BB23: =N23+BA23-1 -> -1 | BC23: =S23 -> 0 | BD23: =AA23+BC23 -> 0 | BF23: =VLOOKUP(C23,[1]Sheet!$F:$Q,9,FALSE) -> #N/A | BG23: =VLOOKUP(C23,[1]Sheet!$F:$Q,5,FALSE) -> #N/A | BH23: =VLOOKUP(C23,[1]Sheet!$F:$Q,12,FALSE) -> #N/A | BI23: =BG23-BH23 -> #N/A
A24: =ROW()-2 -> 22 | R24: + | BA24: =Q24 -> 0 | BB24: =N24+BA24-1 -> -1 | BC24: =S24 -> 0 | BD24: =AA24+BC24 -> 0 | BF24: =VLOOKUP(C24,[1]Sheet!$F:$Q,9,FALSE) -> #N/A | BG24: =VLOOKUP(C24,[1]Sheet!$F:$Q,5,FALSE) -> #N/A | BH24: =VLOOKUP(C24,[1]Sheet!$F:$Q,12,FALSE) -> #N/A | BI24: =BG24-BH24 -> #N/A
A25: =ROW()-2 -> 23 | R25: + | BA25: =Q25 -> 0 | BB25: =N25+BA25-1 -> -1 | BC25: =S25 -> 0 | BD25: =AA25+BC25 -> 0 | BF25: =VLOOKUP(C25,[1]Sheet!$F:$Q,9,FALSE) -> #N/A | BG25: =VLOOKUP(C25,[1]Sheet!$F:$Q,5,FALSE) -> #N/A | BH25: =VLOOKUP(C25,[1]Sheet!$F:$Q,12,FALSE) -> #N/A | BI25: =BG25-BH25 -> #N/A
A26: =ROW()-2 -> 24 | R26: + | BA26: =Q26 -> 0 | BB26: =N26+BA26-1 -> -1 | BC26: =S26 -> 0 | BD26: =AA26+BC26 -> 0 | BF26: =VLOOKUP(C26,[1]Sheet!$F:$Q,9,FALSE) -> #N/A | BG26: =VLOOKUP(C26,[1]Sheet!$F:$Q,5,FALSE) -> #N/A | BH26: =VLOOKUP(C26,[1]Sheet!$F:$Q,12,FALSE) -> #N/A | BI26: =BG26-BH26 -> #N/A
A27: =ROW()-2 -> 25 | R27: + | BA27: =Q27 -> 0 | BB27: =N27+BA27-1 -> -1 | BC27: =S27 -> 0 | BD27: =AA27+BC27 -> 0 | BF27: =VLOOKUP(C27,[1]Sheet!$F:$Q,9,FALSE) -> #N/A | BG27: =VLOOKUP(C27,[1]Sheet!$F:$Q,5,FALSE) -> #N/A | BH27: =VLOOKUP(C27,[1]Sheet!$F:$Q,12,FALSE) -> #N/A | BI27: =BG27-BH27 -> #N/A
A30: FITTING CONTAINER 2026 (JOINT MOCHA CONTAINER) | AT30: 1.6
A31: NO | B31: LOC | C31: CONTAINER | D31: LINER | E31: CHINA FORWARDER | F31: MALAYSIA FORWARDER | G31: CONSIGNEE | H31: FACTORY | I31: PRODUCT | J31: LOADING | K31: ETC | L31: ETD | M31: ETA | N31: ETA DELAY | O31: ATA | P31: STACKED | Q31: FREE DAYS AVAILABLE | T31: INSPECTION | U31: APPROVAL | V31: ORI DOC RECEIVED DATE | W31: K1 SUBMISSION | X31: GATEPASS | Y31: DELIVERY WAREHOUSE | Z31: YARD ARRIVALS | AA31: WAREHOUSE ARRIVALS | AB31: INFORMED COLLECTION | AC31: COLLECTION | AD31: REMARKS 1 | AE31: REMARKS 2 | AF31: REMARKS 3 | AG31: 2ND LABOUR CHARGE | AH31: K1 RATE | AI31: CHINA FORWARDING COST (RMB) | AL31: DATE RECEIVE K1 | AM31: SST AMOUNT | AN31: LOCAL CLEARANCE CHARGES | AO31: KOPI | AP31: DEMURRAGE | AQ31: PORT CHARGES | AR31: DETENTION | AS31: TOTAL LOCAL CLEARANCE | AT31: TOTAL FREIGHT | AU31: CARGO INSURANCE | AV31: SRT? MBS? BOTH? | AW31: LOCAL CLEARANCE CHARGES | AX31: USD | AY31: 10% SST | BB31: Demurrange | BD31: Detention
A32: 1 | C32: GXYU5109142 | D32: CMA | E32: Onetouch | F32: MPM | G32: Mocha | H32: Teca | J32: 46182 | K32: 46186 | L32: 46188 | M32: 46194 | N32: 46215 | Q32: 21 | R32: + | S32: 0 | X32: 46221 | AI32: 12450 | BA32: =Q32 -> 21 | BB32: =N32+BA32-1 -> 46235 | BC32: =S32 -> 0 | BD32: =AA32+BC32 -> 0 | BF32: =VLOOKUP(C32,[1]Sheet!$F:$Q,9,FALSE) -> 0.6118 | BG32: =VLOOKUP(C32,[1]Sheet!$F:$Q,5,FALSE) -> 0 | BH32: =VLOOKUP(C32,[1]Sheet!$F:$Q,12,FALSE) -> 0 | BI32: =BG32-BH32 -> 0
A33: ='Arrived - Joint Mocha Container'!A17+1 -> 5 | C33: GESU6719892 | D33: CMA | E33: Onetouch | F33: MPM | G33: Mocha | H33: Haihuang | J33: 46214 | K33: 46217 | L33: 46219 | M33: 46227 | N33: 46232 | Q33: 14 | S33: 0 | AI33: 12000 | BA33: =Q33 -> 14 | BB33: =N33+BA33-1 -> 46245 | BC33: =S33 -> 0 | BD33: =AA33+BC33 -> 0 | BF33: =VLOOKUP(C33,[1]Sheet!$F:$Q,9,FALSE) -> #N/A | BG33: =VLOOKUP(C33,[1]Sheet!$F:$Q,5,FALSE) -> #N/A | BH33: =VLOOKUP(C33,[1]Sheet!$F:$Q,12,FALSE) -> #N/A | BI33: =BG33-BH33 -> #N/A
A34: =A33+1 -> 6 | BA34: =Q34 -> 0 | BB34: =N34+BA34-1 -> -1 | BC34: =S34 -> 0 | BD34: =AA34+BC34 -> 0 | BF34: =VLOOKUP(C34,[1]Sheet!$F:$Q,9,FALSE) -> #N/A | BG34: =VLOOKUP(C34,[1]Sheet!$F:$Q,5,FALSE) -> #N/A | BH34: =VLOOKUP(C34,[1]Sheet!$F:$Q,12,FALSE) -> #N/A | BI34: =BG34-BH34 -> #N/A
A35: =A34+1 -> 7 | BA35: =Q35 -> 0 | BB35: =N35+BA35-1 -> -1 | BC35: =S35 -> 0 | BD35: =AA35+BC35 -> 0 | BF35: =VLOOKUP(C35,[1]Sheet!$F:$Q,9,FALSE) -> #N/A | BG35: =VLOOKUP(C35,[1]Sheet!$F:$Q,5,FALSE) -> #N/A | BH35: =VLOOKUP(C35,[1]Sheet!$F:$Q,12,FALSE) -> #N/A | BI35: =BG35-BH35 -> #N/A

Sheet Ceramic
A1: CERAMIC CONTAINER 2026 | AT1: 1.6
A2: NO | B2: LOC | C2: CONTAINER | D2: RL | E2: CHINA FORWARDER | F2: MALAYSIA FORWARDER | G2: CONSIGNEE | H2: FACTORY | I2: PRODUCT | J2: LOADING | K2: ETC | L2: ETD | M2: ETA | N2: ETA DELAY | O2: ATA | P2: STACKED | Q2: FREE DAYS AVAILABLE | T2: INSPECTION | U2: APPROVAL | V2: ORI DOC RECEIVED DATE | W2: K1 SUBMISSION | X2: GATEPASS | Y2: DELIVERY WAREHOUSE | Z2: YARD ARRIVALS | AA2: WAREHOUSE ARRIVALS | AB2: INFORMED COLLECTION | AC2: COLLECTION | AD2: REMARKS 1 | AE2: REMARKS 2 | AF2: REMARKS 3 | AG2: 2ND LABOUR CHARGE | AH2: K1 RATE | AI2: CHINA FORWARDING COST (RMB) | AJ2: PRODUCT VALUE (RMB) | AK2: 0.014 | AL2: DATE RECEIVE K1 | AM2: SST AMOUNT | AN2: LOCAL CLEARANCE CHARGES | AO2: KOPI | AP2: DEMURRAGE | AQ2: PORT CHARGES | AR2: DETENTION | AS2: TOTAL LOCAL CLEARANCE | AT2: TOTAL FREIGHT | AU2: CARGO INSURANCE | AV2: SRT? MBS? BOTH? | AW2: LOCAL CLEARANCE CHARGES | AX2: USD | AY2: SST | BB2: Demurrage | BD2: Detention | BF2: Rate | BG2: System | BH2: Actual | BI2: Diff
A3: =ROW()-2 -> 1 | C3: HPCU5036948 | D3: SITC | E3: J&H | F3: MPM | G3: Sorento | H3: Jiexia+Lanyi+Dafuyuan+Jinbaichuan+Gaode | J3: 46188 | K3: 46193 | L3: 46195 | M3: 46203 | N3: 46204 | Q3: 14 | R3: + | S3: 5 | T3: 46209 | U3: 46212 | AH3: 0.6059 | AI3: 26800 | AJ3: 99630.001 | AK3: =AJ3*1.4% -> 1394.82 | AL3: 46202 | AM3: =94.95+5846.65 -> 5941.6 | AY3: XY 29/06/2026 13:25PM | BA3: =Q3 -> 14 | BB3: =N3+BA3-1 -> 46217 | BC3: =S3 -> 5 | BD3: =AA3+BC3 -> 5 | BF3: =VLOOKUP(C3,[1]Sheet!$F:$Q,9,FALSE) -> #N/A | BG3: =VLOOKUP(C3,[1]Sheet!$F:$Q,5,FALSE) -> #N/A | BH3: =VLOOKUP(C3,[1]Sheet!$F:$Q,12,FALSE) -> #N/A | BI3: =BG3-BH3 -> #N/A
A4: =ROW()-2 -> 2 | B4: BRW | C4: FCIU7600305 | D4: CMA | E4: Haiian | F4: Haiian | G4: Sorento | H4: Jinbaichuan | I4: 8354-SH-200+8354-SH+8354-SH-P+83154-SH-150 | J4: 46193 | K4: 46196 | L4: 46198 | M4: 46207 | N4: 46208 | Q4: 21 | R4: + | S4: 0 | T4: 46212 | U4: 46213 | X4: 46218 | AI4: 10300 | AJ4: 123760 | AK4: =AJ4*1.4% -> 1732.64 | AY4: XY 30/06/2026 05.05.PM | BA4: =Q4 -> 21 | BB4: =N4+BA4-1 -> 46228 | BC4: =S4 -> 0 | BD4: =AA4+BC4 -> 0 | BF4: =VLOOKUP(C4,[1]Sheet!$F:$Q,9,FALSE) -> 0.6118 | BG4: =VLOOKUP(C4,[1]Sheet!$F:$Q,5,FALSE) -> 123760 | BH4: =VLOOKUP(C4,[1]Sheet!$F:$Q,12,FALSE) -> 0 | BI4: =BG4-BH4 -> 123760
A5: =ROW()-2 -> 3 | B5: DC1 | C5: SEGU4326041 | D5: CMA | E5: Haiian | F5: Haiian | G5: Sorento | H5: Jinbaichuan | I5: 8152-SH+8152-SH-300 | J5: 46193 | K5: 46196 | L5: 46198 | M5: 46207 | N5: 46208 | Q5: 21 | R5: + | S5: 0 | T5: 46212 | U5: 46213 | X5: 46218 | AI5: 10300 | AJ5: 109040 | AK5: =AJ5*1.4% -> 1526.56 | AY5: XY 30/06/2026 05.05.PM | BA5: =Q5 -> 21 | BB5: =N5+BA5-1 -> 46228 | BC5: =S5 -> 0 | BD5: =AA5+BC5 -> 0 | BF5: =VLOOKUP(C5,[1]Sheet!$F:$Q,9,FALSE) -> 0.6118 | BG5: =VLOOKUP(C5,[1]Sheet!$F:$Q,5,FALSE) -> 109040 | BH5: =VLOOKUP(C5,[1]Sheet!$F:$Q,12,FALSE) -> 0 | BI5: =BG5-BH5 -> 109040
A6: =ROW()-2 -> 4 | B6: DC1 | C6: CAIU7321914 | D6: CMA | E6: Haiian | F6: Haiian | G6: Sorento | H6: Jinbaichuan | I6: CWC7606-SH-P+CWC7606-SH+CWC8154-RL | J6: 46193 | K6: 46196 | L6: 46198 | M6: 46207 | N6: 46208 | Q6: 21 | R6: + | S6: 0 | T6: 46212 | U6: 46213 | X6: 46218 | AI6: 10300 | AJ6: 91840 | AK6: =AJ6*1.4% -> 1285.76 | AY6: XY 30/06/2026 05.05.PM | BA6: =Q6 -> 21 | BB6: =N6+BA6-1 -> 46228 | BC6: =S6 -> 0 | BD6: =AA6+BC6 -> 0 | BF6: =VLOOKUP(C6,[1]Sheet!$F:$Q,9,FALSE) -> 0.6118 | BG6: =VLOOKUP(C6,[1]Sheet!$F:$Q,5,FALSE) -> 91840 | BH6: =VLOOKUP(C6,[1]Sheet!$F:$Q,12,FALSE) -> 0 | BI6: =BG6-BH6 -> 91840
A7: =ROW()-2 -> 5 | C7: CAIU9302087 | D7: CMA | E7: Haiian | F7: Haiian | G7: Sorento (Mocha) | H7: Jinbaichuan | I7: 8354-SH+287-RL-P+287-RL+287A-RL+8154-RL+7606-SH+MWCSC8606+7405-RL | J7: 46193 | K7: 46196 | L7: 46198 | M7: 46207 | N7: 46208 | Q7: 21 | R7: + | S7: 0 | T7: 46212 | U7: 46213 | X7: 46218 | AI7: 10300 | AJ7: 119310 | AK7: =AJ7*1.4% -> 1670.34 | AY7: XY 30/06/2026 05.05.PM | BA7: =Q7 -> 21 | BB7: =N7+BA7-1 -> 46228 | BC7: =S7 -> 0 | BD7: =AA7+BC7 -> 0 | BF7: =VLOOKUP(C7,[1]Sheet!$F:$Q,9,FALSE) -> 0.6118 | BG7: =VLOOKUP(C7,[1]Sheet!$F:$Q,5,FALSE) -> 107530 | BH7: =VLOOKUP(C7,[1]Sheet!$F:$Q,12,FALSE) -> 0 | BI7: =BG7-BH7 -> 107530
A8: =ROW()-2 -> 6 | C8: SEKU5746315 | D8: CMA | E8: Haiian | F8: Haiian | G8: Sorento (Mocha) | H8: Jinbaichuan | I8: MWC7625-SH-S10+7601-RL+286-SH-NEW | J8: 46193 | K8: 46196 | L8: 46198 | M8: 46207 | N8: 46208 | Q8: 21 | R8: + | S8: 0 | T8: 46212 | U8: 46213 | X8: 46218 | AI8: 10300 | AJ8: 104964 | AK8: =AJ8*1.4% -> 1469.496 | AY8: XY 30/06/2026 05.05.PM | BA8: =Q8 -> 21 | BB8: =N8+BA8-1 -> 46228 | BC8: =S8 -> 0 | BD8: =AA8+BC8 -> 0 | BF8: =VLOOKUP(C8,[1]Sheet!$F:$Q,9,FALSE) -> 0.6118 | BG8: =VLOOKUP(C8,[1]Sheet!$F:$Q,5,FALSE) -> 66700 | BH8: =VLOOKUP(C8,[1]Sheet!$F:$Q,12,FALSE) -> 0 | BI8: =BG8-BH8 -> 66700
A9: =ROW()-2 -> 7 | B9: DC1 | C9: ECMU5211493 | D9: CMA | E9: Haiian | F9: Haiian | G9: Sorento | H9: Jinbaichuan | I9: 243+605-RL+241 | J9: 46193 | K9: 46196 | L9: 46198 | M9: 46207 | N9: 46208 | Q9: 21 | R9: + | S9: 0 | T9: 46212 | U9: 46213 | X9: 46218 | AI9: 10300 | AJ9: 95838 | AK9: =AJ9*1.4% -> 1341.732 | AY9: XY 30/06/2026 05.05.PM | BA9: =Q9 -> 21 | BB9: =N9+BA9-1 -> 46228 | BC9: =S9 -> 0 | BD9: =AA9+BC9 -> 0 | BF9: =VLOOKUP(C9,[1]Sheet!$F:$Q,9,FALSE) -> 0.6118 | BG9: =VLOOKUP(C9,[1]Sheet!$F:$Q,5,FALSE) -> 95838 | BH9: =VLOOKUP(C9,[1]Sheet!$F:$Q,12,FALSE) -> 0 | BI9: =BG9-BH9 -> 95838
A10: =ROW()-2 -> 8 | C10: TGBU6830910 | D10: CMA | E10: Haiian | F10: Haiian | G10: Sorento | H10: Jinbaichuan | I10: CWC242+242+247+CWB247+762+890+243+3412-GY+Laser Printing Machine | J10: 46193 | K10: 46196 | L10: 46198 | M10: 46207 | N10: 46208 | Q10: 21 | R10: + | S10: 0 | T10: 46212 | U10: 46213 | X10: 46218 | AI10: 10300 | AJ10: 122334.5 | AK10: =AJ10*1.4% -> 1712.683 | AY10: XY 30/06/2026 05.05.PM | BA10: =Q10 -> 21 | BB10: =N10+BA10-1 -> 46228 | BC10: =S10 -> 0 | BD10: =AA10+BC10 -> 0 | BF10: =VLOOKUP(C10,[1]Sheet!$F:$Q,9,FALSE) -> 0.6118 | BG10: =VLOOKUP(C10,[1]Sheet!$F:$Q,5,FALSE) -> 122334.5 | BH10: =VLOOKUP(C10,[1]Sheet!$F:$Q,12,FALSE) -> 0 | BI10: =BG10-BH10 -> 122334.5
A11: =ROW()-2 -> 9 | B11: BRW | C11: APHU7194711 | D11: CMA | E11: Haiian | F11: Haiian | G11: Sorento | H11: Jiohol | I11: CWC7601-S-ECO | J11: 46194 | K11: 46196 | L11: 46198 | M11: 46207 | N11: 46208 | Q11: 21 | R11: + | S11: 0 | T11: 46211 | U11: 46212 | X11: 46217 | AH11: 0.6031 | AI11: 10700 | AJ11: 69888 | AK11: =AJ11*1.4% -> 978.432 | AL11: 46199 | AM11: 13990.75 | AY11: XY 26/06/2026 09:07AM | BA11: =Q11 -> 21 | BB11: =N11+BA11-1 -> 46228 | BC11: =S11 -> 0 | BD11: =AA11+BC11 -> 0 | BF11: =VLOOKUP(C11,[1]Sheet!$F:$Q,9,FALSE) -> 0.6118 | BG11: =VLOOKUP(C11,[1]Sheet!$F:$Q,5,FALSE) -> 69888 | BH11: =VLOOKUP(C11,[1]Sheet!$F:$Q,12,FALSE) -> 0 | BI11: =BG11-BH11 -> 69888
A12: =ROW()-2 -> 10 | B12: BRW | C12: BEAU4050774 | D12: CMA | E12: Haiian | F12: Haiian | G12: Sorento (Mocha) | H12: Gaode | I12: IBWC78315-S10+IBWC7601-RL-S10+MWC7632-SH-UF-S10+CWC7601-S-RL+CWB1218-N+MAB7043 | J12: 46194 | K12: 46196 | L12: 46198 | M12: 46207 | N12: 46208 | Q12: 21 | R12: + | S12: 0 | T12: 46211 | U12: 46212 | X12: 46217 | AH12: 0.6031 | AI12: 10700 | AJ12: 92205 | AK12: =AJ12*1.4% -> 1290.87 | AL12: 46199 | AM12: 13990.75 | AY12: XY 26/06/2026 09:07AM | BA12: =Q12 -> 21 | BB12: =N12+BA12-1 -> 46228 | BC12: =S12 -> 0 | BD12: =AA12+BC12 -> 0 | BF12: =VLOOKUP(C12,[1]Sheet!$F:$Q,9,FALSE) -> 0.6118 | BG12: =VLOOKUP(C12,[1]Sheet!$F:$Q,5,FALSE) -> 35260 | BH12: =VLOOKUP(C12,[1]Sheet!$F:$Q,12,FALSE) -> 0 | BI12: =BG12-BH12 -> 35260
A13: =ROW()-2 -> 11 | C13: CAAU5977454 | D13: CMA | E13: Haiian | F13: Haiian | G13: Sorento (Full Mocha) | H13: Lanyi | I13: MWC7630-SH-10+7630-SH-S6+7630-SH-S8+7022+700-MG+7024+7044-WH+7045-GY+7045-RG+7045+7046-BL+7046-WH+7049-WH+7050-WH+7626-BL+7626 | J13: 46194 | K13: 46196 | L13: 46198 | M13: 46207 | N13: 46208 | Q13: 21 | R13: + | S13: 0 | T13: 46212 | U13: 46212 | X13: 46217 | AI13: 10700 | AJ13: 119305 | AK13: =AJ13*1.4% -> 1670.27 | AY13: XY 26/06/2026 10.41AM | BA13: =Q13 -> 21 | BB13: =N13+BA13-1 -> 46228 | BC13: =S13 -> 0 | BD13: =AA13+BC13 -> 0 | BF13: =VLOOKUP(C13,[1]Sheet!$F:$Q,9,FALSE) -> #N/A | BG13: =VLOOKUP(C13,[1]Sheet!$F:$Q,5,FALSE) -> #N/A | BH13: =VLOOKUP(C13,[1]Sheet!$F:$Q,12,FALSE) -> #N/A | BI13: =BG13-BH13 -> #N/A
A14: =ROW()-2 -> 12 | C14: EITU9262350 | D14: EMC | E14: Kaidila | F14: MPM | G14: Sorento | H14: Dafuyuan | I14: 888-NEW+8613-RL+8608-RL+8317-RL-WEPLS | J14: 46197 | K14: 46201 | L14: 46204 | M14: 46212 | N14: 46224 | Q14: 14 | R14: + | S14: 7 | T14: 46226 | AI14: 11000 | AJ14: 115110 | AK14: =AJ14*1.4% -> 1611.54 | AY14: XY 20/07/2026 2.29PM | BA14: =Q14 -> 14 | BB14: =N14+BA14-1 -> 46237 | BC14: =S14 -> 7 | BD14: =AA14+BC14 -> 7 | BF14: =VLOOKUP(C14,[1]Sheet!$F:$Q,9,FALSE) -> #N/A | BG14: =VLOOKUP(C14,[1]Sheet!$F:$Q,5,FALSE) -> #N/A | BH14: =VLOOKUP(C14,[1]Sheet!$F:$Q,12,FALSE) -> #N/A | BI14: =BG14-BH14 -> #N/A
A15: =ROW()-2 -> 13 | C15: EGSU1771170 | D15: EMC | E15: Kaidila | F15: MPM | G15: Sorento | H15: Dafuyuan | I15: 8605-RL+8334+5300+5400+7049+7055+1515+7099+6201+8066-S150+8066-S200+8319-P-RL-UF+8318-RL-S200+S/P MUB6201 | J15: 46197 | K15: 46201 | L15: 46204 | M15: 46212 | N15: 46224 | Q15: 14 | R15: + | S15: 7 | T15: 46226 | AI15: 11000 | AJ15: 132002 | AK15: =AJ15*1.4% -> 1848.028 | AY15: XY 20/07/2026 2.29PM | BA15: =Q15 -> 14 | BB15: =N15+BA15-1 -> 46237 | BC15: =S15 -> 7 | BD15: =AA15+BC15 -> 7 | BF15: =VLOOKUP(C15,[1]Sheet!$F:$Q,9,FALSE) -> #N/A | BG15: =VLOOKUP(C15,[1]Sheet!$F:$Q,5,FALSE) -> #N/A | BH15: =VLOOKUP(C15,[1]Sheet!$F:$Q,12,FALSE) -> #N/A | BI15: =BG15-BH15 -> #N/A
A16: =ROW()-2 -> 14 | C16: EMCU1568857 | D16: EMC | E16: Kaidila | F16: MPM | G16: Sorento | H16: Dafuyuan | I16: 7604-S-RL-WEPLS+7604-RL-NEW+8605-RL | J16: 46197 | K16: 46201 | L16: 46204 | M16: 46212 | N16: 46224 | Q16: 14 | R16: + | S16: 7 | T16: 46226 | AI16: 11000 | AJ16: 112346 | AK16: =AJ16*1.4% -> 1572.844 | AY16: XY 20/07/2026 2.29PM | BA16: =Q16 -> 14 | BB16: =N16+BA16-1 -> 46237 | BC16: =S16 -> 7 | BD16: =AA16+BC16 -> 7 | BF16: =VLOOKUP(C16,[1]Sheet!$F:$Q,9,FALSE) -> #N/A | BG16: =VLOOKUP(C16,[1]Sheet!$F:$Q,5,FALSE) -> #N/A | BH16: =VLOOKUP(C16,[1]Sheet!$F:$Q,12,FALSE) -> #N/A | BI16: =BG16-BH16 -> #N/A
A17: =ROW()-2 -> 15 | C17: BMOU6498042 | D17: WHL | E17: Haiian | F17: Haiian | G17: Sorento | H17: Dafuyuan | I17: 7604-S-RL-WEPLS+8605-RL+8318-RL-S200-N+8318-RL-N | J17: 46198 | K17: 46199 | L17: 46201 | M17: 46207 | N17: 46210 | Q17: 14 | R17: + | S17: 7 | T17: 46210 | U17: 46217 | X17: 46219 | AI17: 10700 | AJ17: 105497 | AK17: =AJ17*1.4% -> 1476.958 | AY17: XY 01/07/2026 1.47PM | BA17: =Q17 -> 14 | BB17: =N17+BA17-1 -> 46223 | BC17: =S17 -> 7 | BD17: =AA17+BC17 -> 7 | BF17: =VLOOKUP(C17,[1]Sheet!$F:$Q,9,FALSE) -> 0.6027 | BG17: =VLOOKUP(C17,[1]Sheet!$F:$Q,5,FALSE) -> 105497 | BH17: =VLOOKUP(C17,[1]Sheet!$F:$Q,12,FALSE) -> 0 | BI17: =BG17-BH17 -> 105497
A18: =ROW()-2 -> 16 | B18: BRW | C18: BMOU6495378 | D18: WHL | E18: Haiian | F18: Haiian | G18: Sorento | H18: Dafuyuan | I18: 604-S-RL-NEW+7604-RL-NEW | J18: 46198 | K18: 46199 | L18: 46201 | M18: 46207 | N18: 46210 | Q18: 14 | R18: + | S18: 7 | T18: 46210 | U18: 46217 | X18: 46219 | AI18: 10700 | AJ18: 113354 | AK18: =AJ18*1.4% -> 1586.956 | AY18: XY 01/07/2026 1.47PM | BA18: =Q18 -> 14 | BB18: =N18+BA18-1 -> 46223 | BC18: =S18 -> 7 | BD18: =AA18+BC18 -> 7 | BF18: =VLOOKUP(C18,[1]Sheet!$F:$Q,9,FALSE) -> 0.6027 | BG18: =VLOOKUP(C18,[1]Sheet!$F:$Q,5,FALSE) -> 113354 | BH18: =VLOOKUP(C18,[1]Sheet!$F:$Q,12,FALSE) -> 0 | BI18: =BG18-BH18 -> 113354
A19: =ROW()-2 -> 17 | C19: ONEU5507139 | D19: ONE | E19: J&H | F19: MPM | G19: Sorento (Mocha) | H19: Jiexia | I19: 8826-S-RL+80858-S-UF-RL+MWC7623-SH-S6 | J19: 46199 | K19: 46200 | L19: 46202 | M19: 46210 | N19: 46214 | Q19: 14 | R19: + | S19: 7 | T19: 46217 | U19: 46219 | AI19: 11400 | AJ19: 129484 | AK19: =AJ19*1.4% -> 1812.776 | AY19: XY 1707/2026 04.31PM | BA19: =Q19 -> 14 | BB19: =N19+BA19-1 -> 46227 | BC19: =S19 -> 7 | BD19: =AA19+BC19 -> 7 | BF19: =VLOOKUP(C19,[1]Sheet!$F:$Q,9,FALSE) -> #N/A | BG19: =VLOOKUP(C19,[1]Sheet!$F:$Q,5,FALSE) -> #N/A | BH19: =VLOOKUP(C19,[1]Sheet!$F:$Q,12,FALSE) -> #N/A | BI19: =BG19-BH19 -> #N/A
A20: =ROW()-2 -> 18 | C20: DFSU7655240 | D20: ONE | E20: J&H | F20: MPM | G20: Sorento | H20: Jiexia | I20: 8840-S-RL | J20: 46199 | K20: 46200 | L20: 46202 | M20: 46210 | N20: 46214 | Q20: 14 | R20: + | S20: 7 | T20: 46217 | U20: 46219 | AI20: 11400 | AJ20: 124497 | AK20: =AJ20*1.4% -> 1742.958 | AY20: XY 1707/2026 04.31PM | BA20: =Q20 -> 14 | BB20: =N20+BA20-1 -> 46227 | BC20: =S20 -> 7 | BD20: =AA20+BC20 -> 7 | BF20: =VLOOKUP(C20,[1]Sheet!$F:$Q,9,FALSE) -> #N/A | BG20: =VLOOKUP(C20,[1]Sheet!$F:$Q,5,FALSE) -> #N/A | BH20: =VLOOKUP(C20,[1]Sheet!$F:$Q,12,FALSE) -> #N/A | BI20: =BG20-BH20 -> #N/A
A21: =ROW()-2 -> 19 | C21: ONEU0978795 | D21: ONE | E21: J&H | F21: MPM | G21: Sorento | H21: Jiexia | I21: 8840-S-RL | J21: 46199 | K21: 46200 | L21: 46202 | M21: 46210 | N21: 46214 | Q21: 14 | R21: + | S21: 7 | T21: 46217 | U21: 46219 | AI21: 11400 | AJ21: 124497 | AK21: =AJ21*1.4% -> 1742.958 | AY21: XY 1707/2026 04.31PM | BA21: =Q21 -> 14 | BB21: =N21+BA21-1 -> 46227 | BC21: =S21 -> 7 | BD21: =AA21+BC21 -> 7 | BF21: =VLOOKUP(C21,[1]Sheet!$F:$Q,9,FALSE) -> #N/A | BG21: =VLOOKUP(C21,[1]Sheet!$F:$Q,5,FALSE) -> #N/A | BH21: =VLOOKUP(C21,[1]Sheet!$F:$Q,12,FALSE) -> #N/A | BI21: =BG21-BH21 -> #N/A
A22: =ROW()-2 -> 20 | C22: HPCU2811466 | D22: SITC | E22: J&H | F22: MPM | G22: Sorento | H22: Jinbaichuan+Lanyi+Dafuyuan (MJC Kuching) - 20ft | J22: 46202 | K22: 46145 | L22: 46208 | M22: 46216 | N22: 46216 | Q22: 14 | R22: + | S22: 5 | T22: 46223 | AH22: 0.6027 | AI22: 19600 | AJ22: 47010 | AK22: =AJ22*1.4% -> 658.14 | AL22: 46212 | AM22: =46359.5+650.5 -> 47010 | AY22: XY 09/07/2026 17:44PM | BA22: =Q22 -> 14 | BB22: =N22+BA22-1 -> 46229 | BC22: =S22 -> 5 | BD22: =AA22+BC22 -> 5 | BF22: =VLOOKUP(C22,[1]Sheet!$F:$Q,9,FALSE) -> #N/A | BG22: =VLOOKUP(C22,[1]Sheet!$F:$Q,5,FALSE) -> #N/A | BH22: =VLOOKUP(C22,[1]Sheet!$F:$Q,12,FALSE) -> #N/A | BI22: =BG22-BH22 -> #N/A
A23: =ROW()-2 -> 21 | C23: HPCU4954553 | D23: SITC | E23: Kaidila | F23: MPM | G23: Sorento | H23: Jinbaichuan+Lanyi+Gaode (Kuching) | J23: 46202 | K23: 46145 | L23: 46208 | M23: 46216 | N23: 46216 | Q23: 14 | R23: + | S23: 5 | T23: 46223 | AH23: 0.6118 | AI23: 28350 | AJ23: 94777 | AK23: =AJ23*1.4% -> 1326.878 | AL23: 46212 | AM23: =89120+3460.95 -> 92580.95 | AY23: XY 09/07/2026 17:44PM | BA23: =Q23 -> 14 | BB23: =N23+BA23-1 -> 46229 | BC23: =S23 -> 5 | BD23: =AA23+BC23 -> 5 | BF23: =VLOOKUP(C23,[1]Sheet!$F:$Q,9,FALSE) -> #N/A | BG23: =VLOOKUP(C23,[1]Sheet!$F:$Q,5,FALSE) -> #N/A | BH23: =VLOOKUP(C23,[1]Sheet!$F:$Q,12,FALSE) -> #N/A | BI23: =BG23-BH23 -> #N/A
A24: =ROW()-2 -> 22 | C24: YMLU5711160 | D24: YML | E24: MPM | F24: MPM | G24: Sorento | H24: Bravat | J24: 46206 | K24: 46209 | L24: 46211 | M24: 46218 | N24: 46223 | Q24: 14 | R24: + | S24: 7 | T24: 46223 | AK24: =AJ24*1.4% -> 0 | BA24: =Q24 -> 14 | BB24: =N24+BA24-1 -> 46236 | BC24: =S24 -> 7 | BD24: =AA24+BC24 -> 7 | BF24: =VLOOKUP(C24,[1]Sheet!$F:$Q,9,FALSE) -> #N/A | BG24: =VLOOKUP(C24,[1]Sheet!$F:$Q,5,FALSE) -> #N/A | BH24: =VLOOKUP(C24,[1]Sheet!$F:$Q,12,FALSE) -> #N/A | BI24: =BG24-BH24 -> #N/A
A25: =ROW()-2 -> 23 | C25: YMMU4005991 | D25: YML | E25: MPM | F25: MPM | G25: Sorento | H25: Bravat | J25: 46206 | K25: 46209 | L25: 46211 | M25: 46218 | N25: 46223 | Q25: 14 | R25: + | S25: 7 | T25: 46223 | AK25: =AJ25*1.4% -> 0 | BA25: =Q25 -> 14 | BB25: =N25+BA25-1 -> 46236 | BC25: =S25 -> 7 | BD25: =AA25+BC25 -> 7 | BF25: =VLOOKUP(C25,[1]Sheet!$F:$Q,9,FALSE) -> #N/A | BG25: =VLOOKUP(C25,[1]Sheet!$F:$Q,5,FALSE) -> #N/A | BH25: =VLOOKUP(C25,[1]Sheet!$F:$Q,12,FALSE) -> #N/A | BI25: =BG25-BH25 -> #N/A
A26: =ROW()-2 -> 24 | C26: WHLU5826980 | D26: WHL | E26: Kaidila | F26: MPM | G26: Sorento (Full Mocha) | H26: Jiohol | I26: IBWC7601-ECO-S10+SAMPLE BASIN | J26: 46208 | K26: 46149 | L26: 46213 | M26: 46221 | N26: 46224 | Q26: 14 | R26: + | S26: 7 | AI26: 11400 | AK26: =AJ26*1.4% -> 0 | AY26: XY 20/07/2026 02.28PM | BA26: =Q26 -> 14 | BB26: =N26+BA26-1 -> 46237 | BC26: =S26 -> 7 | BD26: =AA26+BC26 -> 7 | BF26: =VLOOKUP(C26,[1]Sheet!$F:$Q,9,FALSE) -> #N/A | BG26: =VLOOKUP(C26,[1]Sheet!$F:$Q,5,FALSE) -> #N/A | BH26: =VLOOKUP(C26,[1]Sheet!$F:$Q,12,FALSE) -> #N/A | BI26: =BG26-BH26 -> #N/A
A27: =ROW()-2 -> 25 | C27: WHSU5295488 | D27: WHL | E27: Kaidila | F27: MPM | G27: Sorento (Full Mocha) | H27: Jiohol | I27: IBWC7601-ECO-S10+IBWC7632-SH-UF-S10 | J27: 46208 | K27: 46149 | L27: 46213 | M27: 46221 | N27: 46224 | Q27: 14 | R27: + | S27: 7 | AI27: 11400 | AK27: =AJ27*1.4% -> 0 | AY27: XY 20/07/2026 02.28PM | BA27: =Q27 -> 14 | BB27: =N27+BA27-1 -> 46237 | BC27: =S27 -> 7 | BD27: =AA27+BC27 -> 7 | BF27: =VLOOKUP(C27,[1]Sheet!$F:$Q,9,FALSE) -> #N/A | BG27: =VLOOKUP(C27,[1]Sheet!$F:$Q,5,FALSE) -> #N/A | BH27: =VLOOKUP(C27,[1]Sheet!$F:$Q,12,FALSE) -> #N/A | BI27: =BG27-BH27 -> #N/A
A28: =ROW()-2 -> 26 | C28: CAIU7857234 | D28: WHL | E28: Kaidila | F28: MPM | G28: Sorento (Mocha) | H28: Gaode | I28: IBWC7601-RL-S10+CWC7601-S-RL+CWC8315-NEW | J28: 46208 | K28: 46149 | L28: 46213 | M28: 46221 | N28: 46224 | Q28: 14 | R28: + | S28: 7 | AI28: 11400 | AK28: =AJ28*1.4% -> 0 | AY28: XY 20/07/2026 02.28PM | BA28: =Q28 -> 14 | BB28: =N28+BA28-1 -> 46237 | BC28: =S28 -> 7 | BD28: =AA28+BC28 -> 7 | BF28: =VLOOKUP(C28,[1]Sheet!$F:$Q,9,FALSE) -> #N/A | BG28: =VLOOKUP(C28,[1]Sheet!$F:$Q,5,FALSE) -> #N/A | BH28: =VLOOKUP(C28,[1]Sheet!$F:$Q,12,FALSE) -> #N/A | BI28: =BG28-BH28 -> #N/A
A29: =ROW()-2 -> 27 | C29: GCXU6244964 | D29: WHL | E29: J&H | F29: MPM | G29: Sorento (Full Mocha) | H29: Jiohol | I29: IBWC7601-EXO-S10 | J29: 46208 | K29: 46149 | L29: 46213 | M29: 46221 | N29: 46225 | Q29: 14 | R29: + | S29: 7 | T29: 46226 | AI29: 11700 | AK29: =AJ29*1.4% -> 0 | AY29: XY 20/07/2026 2.32PM | BA29: =Q29 -> 14 | BB29: =N29+BA29-1 -> 46238 | BC29: =S29 -> 7 | BD29: =AA29+BC29 -> 7 | BF29: =VLOOKUP(C29,[1]Sheet!$F:$Q,9,FALSE) -> #N/A | BG29: =VLOOKUP(C29,[1]Sheet!$F:$Q,5,FALSE) -> #N/A | BH29: =VLOOKUP(C29,[1]Sheet!$F:$Q,12,FALSE) -> #N/A | BI29: =BG29-BH29 -> #N/A
A30: =ROW()-2 -> 28 | C30: WHSU8449801 | D30: WHL | E30: J&H | F30: MPM | G30: Sorento | H30: Jiohol | I30: CWC7601-S-ECO | J30: 46208 | K30: 46149 | L30: 46213 | M30: 46221 | N30: 46225 | Q30: 14 | R30: + | S30: 7 | T30: 46226 | AI30: 11700 | AK30: =AJ30*1.4% -> 0 | AY30: XY 20/07/2026 2.32PM | BA30: =Q30 -> 14 | BB30: =N30+BA30-1 -> 46238 | BC30: =S30 -> 7 | BD30: =AA30+BC30 -> 7 | BF30: =VLOOKUP(C30,[1]Sheet!$F:$Q,9,FALSE) -> #N/A | BG30: =VLOOKUP(C30,[1]Sheet!$F:$Q,5,FALSE) -> #N/A | BH30: =VLOOKUP(C30,[1]Sheet!$F:$Q,12,FALSE) -> #N/A | BI30: =BG30-BH30 -> #N/A
A31: =ROW()-2 -> 29 | C31: WHLU5789206 | D31: WHL | E31: Kaidila | F31: MPM | G31: Sorento | H31: Lanyi | I31: 8503-RL+7603-SH-250+7603-SH-150+7603-SH-200+7603-SH-300+5202+206+1514+1516 | J31: 46208 | K31: 46211 | L31: 46213 | M31: 46221 | N31: 46225 | Q31: 14 | R31: + | S31: 7 | AI31: 10950 | AK31: =AJ31*1.4% -> 0 | AY31: XY 20/07/2026 02.29PM | BA31: =Q31 -> 14 | BB31: =N31+BA31-1 -> 46238 | BC31: =S31 -> 7 | BD31: =AA31+BC31 -> 7 | BF31: =VLOOKUP(C31,[1]Sheet!$F:$Q,9,FALSE) -> #N/A | BG31: =VLOOKUP(C31,[1]Sheet!$F:$Q,5,FALSE) -> #N/A | BH31: =VLOOKUP(C31,[1]Sheet!$F:$Q,12,FALSE) -> #N/A | BI31: =BG31-BH31 -> #N/A
A32: =ROW()-2 -> 30 | C32: WHSU6840437 | D32: WHL | E32: Kaidila | F32: MPM | G32: Sorento | H32: Lanyi+Jinbaichuan+Jiohol | I32: 8518-SH+8518-SH-200+8518-SH-P+1514+3430+3431+MSP231+286-SH-NEW+Sample Joihol | J32: 46208 | K32: 46211 | L32: 46213 | M32: 46221 | N32: 46225 | Q32: 14 | R32: + | S32: 7 | AI32: 10950 | AK32: =AJ32*1.4% -> 0 | AY32: XY 20/07/2026 02.29PM | BA32: =Q32 -> 14 | BB32: =N32+BA32-1 -> 46238 | BC32: =S32 -> 7 | BD32: =AA32+BC32 -> 7 | BF32: =VLOOKUP(C32,[1]Sheet!$F:$Q,9,FALSE) -> #N/A | BG32: =VLOOKUP(C32,[1]Sheet!$F:$Q,5,FALSE) -> #N/A | BH32: =VLOOKUP(C32,[1]Sheet!$F:$Q,12,FALSE) -> #N/A | BI32: =BG32-BH32 -> #N/A
A33: =ROW()-2 -> 31 | C33: WHSU8454921 | D33: WHL | E33: Kaidila | F33: MPM | G33: Sorento | H33: Lanyi | I33: 8518-SH+7614-RL+7614-RL-200 | J33: 46208 | K33: 46211 | L33: 46213 | M33: 46221 | N33: 46225 | Q33: 14 | R33: + | S33: 7 | AI33: 10950 | AK33: =AJ33*1.4% -> 0 | AY33: XY 20/07/2026 02.29PM | BA33: =Q33 -> 14 | BB33: =N33+BA33-1 -> 46238 | BC33: =S33 -> 7 | BD33: =AA33+BC33 -> 7 | BF33: =VLOOKUP(C33,[1]Sheet!$F:$Q,9,FALSE) -> #N/A | BG33: =VLOOKUP(C33,[1]Sheet!$F:$Q,5,FALSE) -> #N/A | BH33: =VLOOKUP(C33,[1]Sheet!$F:$Q,12,FALSE) -> #N/A | BI33: =BG33-BH33 -> #N/A
A34: =ROW()-2 -> 32 | C34: WHSU6517147 | D34: WHL | E34: Kaidila | F34: MPM | G34: Sorento (Full Mocha) | H34: Lanyi | I34: MWC7630-SH-S10+7630-SH-P+7630-SH-S12+7630-SH-S8 | J34: 46208 | K34: 46211 | L34: 46213 | M34: 46221 | N34: 46225 | Q34: 14 | R34: + | S34: 7 | AI34: 10950 | AK34: =AJ34*1.4% -> 0 | AY34: XY 20/07/2026 02.29PM | BA34: =Q34 -> 14 | BB34: =N34+BA34-1 -> 46238 | BC34: =S34 -> 7 | BD34: =AA34+BC34 -> 7 | BF34: =VLOOKUP(C34,[1]Sheet!$F:$Q,9,FALSE) -> #N/A | BG34: =VLOOKUP(C34,[1]Sheet!$F:$Q,5,FALSE) -> #N/A | BH34: =VLOOKUP(C34,[1]Sheet!$F:$Q,12,FALSE) -> #N/A | BI34: =BG34-BH34 -> #N/A
A35: =ROW()-2 -> 33 | C35: WHSU6696253 | D35: WHL | E35: J&H | F35: MPM | G35: Sorento | H35: Dafuyuan | I35: 888-NEW+8608-RL+1515+7055+8318-RL-N | J35: 46208 | K35: 46211 | L35: 46213 | M35: 46221 | N35: 46225 | Q35: 14 | R35: + | S35: 7 | T35: 46226 | AI35: 11000 | AK35: =AJ35*1.4% -> 0 | AY35: XY 20/07/2026 2.31PM | BA35: =Q35 -> 14 | BB35: =N35+BA35-1 -> 46238 | BC35: =S35 -> 7 | BD35: =AA35+BC35 -> 7 | BF35: =VLOOKUP(C35,[1]Sheet!$F:$Q,9,FALSE) -> #N/A | BG35: =VLOOKUP(C35,[1]Sheet!$F:$Q,5,FALSE) -> #N/A | BH35: =VLOOKUP(C35,[1]Sheet!$F:$Q,12,FALSE) -> #N/A | BI35: =BG35-BH35 -> #N/A
A36: =ROW()-2 -> 34 | C36: WHSU5264717 | D36: WHL | E36: J&H | F36: MPM | G36: Sorento | H36: Dafuyuan | I36: 188-S-250+7049+7099+8317-RL | J36: 46208 | K36: 46211 | L36: 46213 | M36: 46221 | N36: 46225 | Q36: 14 | R36: + | S36: 7 | T36: 46226 | AI36: 11000 | AK36: =AJ36*1.4% -> 0 | AY36: XY 20/07/2026 2.31PM | BA36: =Q36 -> 14 | BB36: =N36+BA36-1 -> 46238 | BC36: =S36 -> 7 | BD36: =AA36+BC36 -> 7 | BF36: =VLOOKUP(C36,[1]Sheet!$F:$Q,9,FALSE) -> #N/A | BG36: =VLOOKUP(C36,[1]Sheet!$F:$Q,5,FALSE) -> #N/A | BH36: =VLOOKUP(C36,[1]Sheet!$F:$Q,12,FALSE) -> #N/A | BI36: =BG36-BH36 -> #N/A
A37: =ROW()-2 -> 35 | C37: WHSU5485370 | D37: WHL | E37: J&H | F37: MPM | G37: Sorento | H37: Dafuyuan | I37: 604-S-RL-NEW | J37: 46208 | K37: 46211 | L37: 46213 | M37: 46221 | N37: 46225 | Q37: 14 | R37: + | S37: 7 | T37: 46226 | AI37: 11000 | AK37: =AJ37*1.4% -> 0 | AY37: XY 20/07/2026 2.31PM | BA37: =Q37 -> 14 | BB37: =N37+BA37-1 -> 46238 | BC37: =S37 -> 7 | BD37: =AA37+BC37 -> 7 | BF37: =VLOOKUP(C37,[1]Sheet!$F:$Q,9,FALSE) -> #N/A | BG37: =VLOOKUP(C37,[1]Sheet!$F:$Q,5,FALSE) -> #N/A | BH37: =VLOOKUP(C37,[1]Sheet!$F:$Q,12,FALSE) -> #N/A | BI37: =BG37-BH37 -> #N/A
A38: =ROW()-2 -> 36 | C38: CAIU4276283 | D38: WHL | E38: J&H | F38: MPM | G38: Sorento | H38: Dafuyuan | I38: 7604-P-RL-NEW+7604-S-RL-NEW+8605-RL+604-S-RL-NEW | J38: 46208 | K38: 46211 | L38: 46213 | M38: 46221 | N38: 46225 | Q38: 14 | R38: + | S38: 7 | T38: 46226 | AI38: 11000 | AK38: =AJ38*1.4% -> 0 | AY38: XY 20/07/2026 2.31PM | BA38: =Q38 -> 14 | BB38: =N38+BA38-1 -> 46238 | BC38: =S38 -> 7 | BD38: =AA38+BC38 -> 7 | BF38: =VLOOKUP(C38,[1]Sheet!$F:$Q,9,FALSE) -> #N/A | BG38: =VLOOKUP(C38,[1]Sheet!$F:$Q,5,FALSE) -> #N/A | BH38: =VLOOKUP(C38,[1]Sheet!$F:$Q,12,FALSE) -> #N/A | BI38: =BG38-BH38 -> #N/A
A39: =ROW()-2 -> 37 | C39: WHSU8779594 | D39: WHL | E39: J&H | F39: MPM | G39: Sorento | H39: Dafuyuan | I39: 8605-S-RL+7604-LID+905-BI-P+7651-NEW+7652-BL+6021-SH-MW+6021-SH-MG+BD501+RT-C230180+8317-RL-WEPLS+8317-RL | J39: 46208 | K39: 46211 | L39: 46213 | M39: 46221 | N39: 46225 | Q39: 14 | R39: + | S39: 7 | T39: 46226 | AI39: 11000 | AK39: =AJ39*1.4% -> 0 | AY39: XY 20/07/2026 2.31PM | BA39: =Q39 -> 14 | BB39: =N39+BA39-1 -> 46238 | BC39: =S39 -> 7 | BD39: =AA39+BC39 -> 7 | BF39: =VLOOKUP(C39,[1]Sheet!$F:$Q,9,FALSE) -> #N/A | BG39: =VLOOKUP(C39,[1]Sheet!$F:$Q,5,FALSE) -> #N/A | BH39: =VLOOKUP(C39,[1]Sheet!$F:$Q,12,FALSE) -> #N/A | BI39: =BG39-BH39 -> #N/A
A40: =ROW()-2 -> 38 | C40: CSNU7816634 | D40: OOCL | E40: Kaidila | F40: MPM | G40: Sorento | H40: Jinbaichuan | I40: 8152-SH-300 | J40: 46209 | K40: 46214 | L40: 46216 | M40: 46225 | N40: 46229 | Q40: 14 | R40: + | S40: 7 | AI40: 10880 | AK40: =AJ40*1.4% -> 0 | BA40: =Q40 -> 14 | BB40: =N40+BA40-1 -> 46242 | BC40: =S40 -> 7 | BD40: =AA40+BC40 -> 7 | BF40: =VLOOKUP(C40,[1]Sheet!$F:$Q,9,FALSE) -> #N/A | BG40: =VLOOKUP(C40,[1]Sheet!$F:$Q,5,FALSE) -> #N/A | BH40: =VLOOKUP(C40,[1]Sheet!$F:$Q,12,FALSE) -> #N/A | BI40: =BG40-BH40 -> #N/A
A41: =ROW()-2 -> 39 | C41: OOCU9425476 | D41: OOCL | E41: Kaidila | F41: MPM | G41: Sorento (Full Mocha) | H41: Jinbaichuan | I41: MWC7625-SH-S10 | J41: 46209 | K41: 46214 | L41: 46216 | M41: 46225 | N41: 46229 | Q41: 14 | R41: + | S41: 7 | AI41: 10880 | AK41: =AJ41*1.4% -> 0 | BA41: =Q41 -> 14 | BB41: =N41+BA41-1 -> 46242 | BC41: =S41 -> 7 | BD41: =AA41+BC41 -> 7 | BF41: =VLOOKUP(C41,[1]Sheet!$F:$Q,9,FALSE) -> #N/A | BG41: =VLOOKUP(C41,[1]Sheet!$F:$Q,5,FALSE) -> #N/A | BH41: =VLOOKUP(C41,[1]Sheet!$F:$Q,12,FALSE) -> #N/A | BI41: =BG41-BH41 -> #N/A
A42: =ROW()-2 -> 40 | C42: TIIU4628622 | D42: OOCL | E42: Kaidila | F42: MPM | G42: Sorento | H42: Jinbaichuan | I42: 605-RL | J42: 46209 | K42: 46214 | L42: 46216 | M42: 46225 | N42: 46229 | Q42: 14 | R42: + | S42: 7 | AI42: 10880 | AK42: =AJ42*1.4% -> 0 | BA42: =Q42 -> 14 | BB42: =N42+BA42-1 -> 46242 | BC42: =S42 -> 7 | BD42: =AA42+BC42 -> 7 | BF42: =VLOOKUP(C42,[1]Sheet!$F:$Q,9,FALSE) -> #N/A | BG42: =VLOOKUP(C42,[1]Sheet!$F:$Q,5,FALSE) -> #N/A | BH42: =VLOOKUP(C42,[1]Sheet!$F:$Q,12,FALSE) -> #N/A | BI42: =BG42-BH42 -> #N/A
A43: =ROW()-2 -> 41 | C43: OOCU7494056 | D43: OOCL | E43: Kaidila | F43: MPM | G43: Sorento | H43: Jinbaichuan | I43: 7405-RL | J43: 46209 | K43: 46214 | L43: 46216 | M43: 46225 | N43: 46229 | Q43: 14 | R43: + | S43: 7 | AI43: 10880 | AK43: =AJ43*1.4% -> 0 | BA43: =Q43 -> 14 | BB43: =N43+BA43-1 -> 46242 | BC43: =S43 -> 7 | BD43: =AA43+BC43 -> 7 | BF43: =VLOOKUP(C43,[1]Sheet!$F:$Q,9,FALSE) -> #N/A | BG43: =VLOOKUP(C43,[1]Sheet!$F:$Q,5,FALSE) -> #N/A | BH43: =VLOOKUP(C43,[1]Sheet!$F:$Q,12,FALSE) -> #N/A | BI43: =BG43-BH43 -> #N/A
A44: =ROW()-2 -> 42 | C44: FCIU9531353 | D44: OOCL | E44: Kaidila | F44: MPM | G44: Sorento (Full Mocha) | H44: Jinbaichuan | I44: MWC8606-RL | J44: 46209 | K44: 46214 | L44: 46216 | M44: 46225 | N44: 46229 | Q44: 14 | R44: + | S44: 7 | AI44: 10880 | AK44: =AJ44*1.4% -> 0 | BA44: =Q44 -> 14 | BB44: =N44+BA44-1 -> 46242 | BC44: =S44 -> 7 | BD44: =AA44+BC44 -> 7 | BF44: =VLOOKUP(C44,[1]Sheet!$F:$Q,9,FALSE) -> #N/A | BG44: =VLOOKUP(C44,[1]Sheet!$F:$Q,5,FALSE) -> #N/A | BH44: =VLOOKUP(C44,[1]Sheet!$F:$Q,12,FALSE) -> #N/A | BI44: =BG44-BH44 -> #N/A
A45: =ROW()-2 -> 43 | C45: FFAU3176932 | D45: OOCL | E45: Kaidila | F45: MPM | G45: Sorento | H45: Jinbaichuan | I45: 286-SH-P-NEW+286-SH-200-NEW+286-SH-150-NEW+286-SH-UF | J45: 46209 | K45: 46214 | L45: 46216 | M45: 46225 | N45: 46229 | Q45: 14 | R45: + | S45: 7 | AI45: 10880 | AK45: =AJ45*1.4% -> 0 | BA45: =Q45 -> 14 | BB45: =N45+BA45-1 -> 46242 | BC45: =S45 -> 7 | BD45: =AA45+BC45 -> 7 | BF45: =VLOOKUP(C45,[1]Sheet!$F:$Q,9,FALSE) -> #N/A | BG45: =VLOOKUP(C45,[1]Sheet!$F:$Q,5,FALSE) -> #N/A | BH45: =VLOOKUP(C45,[1]Sheet!$F:$Q,12,FALSE) -> #N/A | BI45: =BG45-BH45 -> #N/A
A46: =ROW()-2 -> 44 | C46: TCNU1196402 | D46: OOCL | E46: Kaidila | F46: MPM | G46: Sorento (Full Mocha) | H46: Jinbaichuan | I46: MWB7630+242+248+7605-RL-200+7605-RL-P+SC8606+7625-SH-P | J46: 46209 | K46: 46214 | L46: 46216 | M46: 46225 | N46: 46229 | Q46: 14 | R46: + | S46: 7 | AI46: 10880 | AK46: =AJ46*1.4% -> 0 | BA46: =Q46 -> 14 | BB46: =N46+BA46-1 -> 46242 | BC46: =S46 -> 7 | BD46: =AA46+BC46 -> 7 | BF46: =VLOOKUP(C46,[1]Sheet!$F:$Q,9,FALSE) -> #N/A | BG46: =VLOOKUP(C46,[1]Sheet!$F:$Q,5,FALSE) -> #N/A | BH46: =VLOOKUP(C46,[1]Sheet!$F:$Q,12,FALSE) -> #N/A | BI46: =BG46-BH46 -> #N/A
A47: =ROW()-2 -> 45 | C47: CBHU9541707 | D47: OOCL | E47: Kaidila | F47: MPM | G47: Sorento | H47: Jinbaichuan | I47: 287A-RL+286-RL-200+287-RL-P+8152-SH+VLDWC8366-RL-UF | J47: 46209 | K47: 46214 | L47: 46216 | M47: 46225 | N47: 46229 | Q47: 14 | R47: + | S47: 7 | AI47: 10880 | AK47: =AJ47*1.4% -> 0 | BA47: =Q47 -> 14 | BB47: =N47+BA47-1 -> 46242 | BC47: =S47 -> 7 | BD47: =AA47+BC47 -> 7 | BF47: =VLOOKUP(C47,[1]Sheet!$F:$Q,9,FALSE) -> #N/A | BG47: =VLOOKUP(C47,[1]Sheet!$F:$Q,5,FALSE) -> #N/A | BH47: =VLOOKUP(C47,[1]Sheet!$F:$Q,12,FALSE) -> #N/A | BI47: =BG47-BH47 -> #N/A
A48: =ROW()-2 -> 46 | C48: CSNU6559439 | D48: OOCL | E48: Kaidila | F48: MPM | G48: Sorento | H48: Jinbaichuan | I48: CWB247+247+248+890+287-RL-P+8152-RL-200+8366-RL+7405-SC+7601-SC+8152-SC+8354-SC+7625+SC+8366-SC+8152-RL COVER | J48: 46209 | K48: 46214 | L48: 46216 | M48: 46225 | N48: 46229 | Q48: 14 | R48: + | S48: 7 | AI48: 10880 | AK48: =AJ48*1.4% -> 0 | BA48: =Q48 -> 14 | BB48: =N48+BA48-1 -> 46242 | BC48: =S48 -> 7 | BD48: =AA48+BC48 -> 7 | BF48: =VLOOKUP(C48,[1]Sheet!$F:$Q,9,FALSE) -> #N/A | BG48: =VLOOKUP(C48,[1]Sheet!$F:$Q,5,FALSE) -> #N/A | BH48: =VLOOKUP(C48,[1]Sheet!$F:$Q,12,FALSE) -> #N/A | BI48: =BG48-BH48 -> #N/A
A49: =ROW()-2 -> 47 | C49: TIIU7930132 | D49: SITC | E49: J&H | F49: MPM | G49: Sorento | H49: Gaode+Dafuyuan+Lanyi+Jinbaichuan (Kuching) | J49: 46210 | K49: 46213 | L49: 46215 | M49: 46224 | N49: 46226 | Q49: 14 | R49: + | S49: 5 | AI49: 28100 | AK49: =AJ49*1.4% -> 0 | AY49: XY 20/07/2026 2.31PM | BA49: =Q49 -> 14 | BB49: =N49+BA49-1 -> 46239 | BC49: =S49 -> 5 | BD49: =AA49+BC49 -> 5 | BF49: =VLOOKUP(C49,[1]Sheet!$F:$Q,9,FALSE) -> #N/A | BG49: =VLOOKUP(C49,[1]Sheet!$F:$Q,5,FALSE) -> #N/A | BH49: =VLOOKUP(C49,[1]Sheet!$F:$Q,12,FALSE) -> #N/A | BI49: =BG49-BH49 -> #N/A
A50: =ROW()-2 -> 48 | C50: TGBU5296101 | D50: CMA | E50: Haiian | F50: Haiian | G50: Sorento | H50: Dafuyuan | I50: 888-NEW+8608-RL+8613-RL | J50: 46214 | K50: 46218 | L50: 46220 | M50: 46228 | N50: 46232 | Q50: 14 | R50: + | S50: 7 | AI50: 10200 | AK50: =AJ50*1.4% -> 0 | AY50: XY 15/07/2026 1.57PM | BA50: =Q50 -> 14 | BB50: =N50+BA50-1 -> 46245 | BC50: =S50 -> 7 | BD50: =AA50+BC50 -> 7 | BF50: =VLOOKUP(C50,[1]Sheet!$F:$Q,9,FALSE) -> #N/A | BG50: =VLOOKUP(C50,[1]Sheet!$F:$Q,5,FALSE) -> #N/A | BH50: =VLOOKUP(C50,[1]Sheet!$F:$Q,12,FALSE) -> #N/A | BI50: =BG50-BH50 -> #N/A
A51: =ROW()-2 -> 49 | C51: TCNU5268898 | D51: CMA | E51: Haiian | F51: Haiian | G51: Sorento | H51: Dafuyuan | I51: 8605+604-S-RL+CB29G SPARE PART+7049+7055+7099+1515-FG+7292+8317-RL-WEPLS+8317-RL | J51: 46214 | K51: 46218 | L51: 46220 | M51: 46228 | N51: 46232 | Q51: 14 | R51: + | S51: 7 | AI51: 10200 | AK51: =AJ51*1.4% -> 0 | AY51: XY 15/07/2026 1.57PM | BA51: =Q51 -> 14 | BB51: =N51+BA51-1 -> 46245 | BC51: =S51 -> 7 | BD51: =AA51+BC51 -> 7 | BF51: =VLOOKUP(C51,[1]Sheet!$F:$Q,9,FALSE) -> #N/A | BG51: =VLOOKUP(C51,[1]Sheet!$F:$Q,5,FALSE) -> #N/A | BH51: =VLOOKUP(C51,[1]Sheet!$F:$Q,12,FALSE) -> #N/A | BI51: =BG51-BH51 -> #N/A
A52: =ROW()-2 -> 50 | C52: FFAU7657617 | D52: CMA | E52: Haiian | F52: Haiian | G52: Sorento | H52: Jiexia | I52: 8840-S-RL | J52: 46214 | K52: 46216 | L52: 46218 | M52: 46227 | N52: 46232 | Q52: 14 | R52: + | S52: 7 | AI52: 10200 | AJ52: 122202 | AK52: =AJ52*1.4% -> 1710.828 | AY52: XY 15/07/2026 1.57PM | BA52: =Q52 -> 14 | BB52: =N52+BA52-1 -> 46245 | BC52: =S52 -> 7 | BD52: =AA52+BC52 -> 7 | BF52: =VLOOKUP(C52,[1]Sheet!$F:$Q,9,FALSE) -> #N/A | BG52: =VLOOKUP(C52,[1]Sheet!$F:$Q,5,FALSE) -> #N/A | BH52: =VLOOKUP(C52,[1]Sheet!$F:$Q,12,FALSE) -> #N/A | BI52: =BG52-BH52 -> #N/A
A53: =ROW()-2 -> 51 | C53: TRHU4834227 | D53: CMA | E53: Haiian | F53: Haiian | G53: Sorento | H53: Jiexia | I53: 8840-S-SH+8840-S-RL+8088-S-UF-RL+8356-RL+Fitting | J53: 46214 | K53: 46216 | L53: 46218 | M53: 46227 | N53: 46232 | Q53: 14 | R53: + | S53: 7 | AI53: 10200 | AJ53: 118234 | AK53: =AJ53*1.4% -> 1655.276 | AY53: XY 15/07/2026 1.57PM | BA53: =Q53 -> 14 | BB53: =N53+BA53-1 -> 46245 | BC53: =S53 -> 7 | BD53: =AA53+BC53 -> 7 | BF53: =VLOOKUP(C53,[1]Sheet!$F:$Q,9,FALSE) -> #N/A | BG53: =VLOOKUP(C53,[1]Sheet!$F:$Q,5,FALSE) -> #N/A | BH53: =VLOOKUP(C53,[1]Sheet!$F:$Q,12,FALSE) -> #N/A | BI53: =BG53-BH53 -> #N/A
A54: =ROW()-2 -> 52 | C54: TCLU6731274 | D54: CMA | E54: Haiian | F54: Haiian | G54: Sorento | H54: Gaode | J54: 46218 | K54: 46220 | L54: 46222 | M54: 46230 | N54: 46230 | Q54: 14 | R54: + | S54: 7 | AI54: 10000 | AK54: =AJ54*1.4% -> 0 | BA54: =Q54 -> 14 | BB54: =N54+BA54-1 -> 46243 | BC54: =S54 -> 7 | BD54: =AA54+BC54 -> 7 | BF54: =VLOOKUP(C54,[1]Sheet!$F:$Q,9,FALSE) -> #N/A | BG54: =VLOOKUP(C54,[1]Sheet!$F:$Q,5,FALSE) -> #N/A | BH54: =VLOOKUP(C54,[1]Sheet!$F:$Q,12,FALSE) -> #N/A | BI54: =BG54-BH54 -> #N/A
A55: =ROW()-2 -> 53 | C55: CMAU9786702 | D55: CMA | E55: Haiian | F55: Haiian | G55: Sorento | H55: Jiohol | J55: 46218 | K55: 46220 | L55: 46222 | M55: 46230 | N55: 46230 | Q55: 14 | R55: + | S55: 7 | AI55: 10000 | AK55: =AJ55*1.4% -> 0 | BA55: =Q55 -> 14 | BB55: =N55+BA55-1 -> 46243 | BC55: =S55 -> 7 | BD55: =AA55+BC55 -> 7 | BF55: =VLOOKUP(C55,[1]Sheet!$F:$Q,9,FALSE) -> #N/A | BG55: =VLOOKUP(C55,[1]Sheet!$F:$Q,5,FALSE) -> #N/A | BH55: =VLOOKUP(C55,[1]Sheet!$F:$Q,12,FALSE) -> #N/A | BI55: =BG55-BH55 -> #N/A
A56: =ROW()-2 -> 54 | C56: TLLU4636743 | D56: CMA | E56: Haiian | F56: Haiian | G56: Sorento | H56: Jiohol | J56: 46218 | K56: 46220 | L56: 46222 | M56: 46230 | N56: 46230 | Q56: 14 | R56: + | S56: 7 | AI56: 10000 | AK56: =AJ56*1.4% -> 0 | BA56: =Q56 -> 14 | BB56: =N56+BA56-1 -> 46243 | BC56: =S56 -> 7 | BD56: =AA56+BC56 -> 7 | BF56: =VLOOKUP(C56,[1]Sheet!$F:$Q,9,FALSE) -> #N/A | BG56: =VLOOKUP(C56,[1]Sheet!$F:$Q,5,FALSE) -> #N/A | BH56: =VLOOKUP(C56,[1]Sheet!$F:$Q,12,FALSE) -> #N/A | BI56: =BG56-BH56 -> #N/A
A57: =ROW()-2 -> 55 | C57: TRHU5786247 | D57: SITC | E57: Kaidila | F57: MPM | G57: Sorento | H57: Jinbaichuan+Dafuyuan+Gaode (Kuching) | J57: 46217 | K57: 46221 | L57: 46223 | M57: 46232 | N57: 46232 | Q57: 14 | R57: + | S57: 5 | AI57: 28450 | AK57: =AJ57*1.4% -> 0 | BA57: =Q57 -> 14 | BB57: =N57+BA57-1 -> 46245 | BC57: =S57 -> 5 | BD57: =AA57+BC57 -> 5 | BF57: =VLOOKUP(C57,[1]Sheet!$F:$Q,9,FALSE) -> #N/A | BG57: =VLOOKUP(C57,[1]Sheet!$F:$Q,5,FALSE) -> #N/A | BH57: =VLOOKUP(C57,[1]Sheet!$F:$Q,12,FALSE) -> #N/A | BI57: =BG57-BH57 -> #N/A
A58: =ROW()-2 -> 56 | R58: + | AK58: =AJ58*1.4% -> 0 | BA58: =Q58 -> 0 | BB58: =N58+BA58-1 -> -1 | BC58: =S58 -> 0 | BD58: =AA58+BC58 -> 0 | BF58: =VLOOKUP(C58,[1]Sheet!$F:$Q,9,FALSE) -> #N/A | BG58: =VLOOKUP(C58,[1]Sheet!$F:$Q,5,FALSE) -> #N/A | BH58: =VLOOKUP(C58,[1]Sheet!$F:$Q,12,FALSE) -> #N/A | BI58: =BG58-BH58 -> #N/A
A59: =ROW()-2 -> 57 | R59: + | AK59: =AJ59*1.4% -> 0 | BA59: =Q59 -> 0 | BB59: =N59+BA59-1 -> -1 | BC59: =S59 -> 0 | BD59: =AA59+BC59 -> 0 | BF59: =VLOOKUP(C59,[1]Sheet!$F:$Q,9,FALSE) -> #N/A | BG59: =VLOOKUP(C59,[1]Sheet!$F:$Q,5,FALSE) -> #N/A | BH59: =VLOOKUP(C59,[1]Sheet!$F:$Q,12,FALSE) -> #N/A | BI59: =BG59-BH59 -> #N/A
A60: =ROW()-2 -> 58 | R60: + | AK60: =AJ60*1.4% -> 0 | BA60: =Q60 -> 0 | BB60: =N60+BA60-1 -> -1 | BC60: =S60 -> 0 | BD60: =AA60+BC60 -> 0 | BF60: =VLOOKUP(C60,[1]Sheet!$F:$Q,9,FALSE) -> #N/A | BG60: =VLOOKUP(C60,[1]Sheet!$F:$Q,5,FALSE) -> #N/A | BH60: =VLOOKUP(C60,[1]Sheet!$F:$Q,12,FALSE) -> #N/A | BI60: =BG60-BH60 -> #N/A
A61: =ROW()-2 -> 59 | R61: + | AK61: =AJ61*1.4% -> 0 | BA61: =Q61 -> 0 | BB61: =N61+BA61-1 -> -1 | BC61: =S61 -> 0 | BD61: =AA61+BC61 -> 0 | BF61: =VLOOKUP(C61,[1]Sheet!$F:$Q,9,FALSE) -> #N/A | BG61: =VLOOKUP(C61,[1]Sheet!$F:$Q,5,FALSE) -> #N/A | BH61: =VLOOKUP(C61,[1]Sheet!$F:$Q,12,FALSE) -> #N/A | BI61: =BG61-BH61 -> #N/A
A62: =ROW()-2 -> 60 | R62: + | AK62: =AJ62*1.4% -> 0 | BA62: =Q62 -> 0 | BB62: =N62+BA62-1 -> -1 | BC62: =S62 -> 0 | BD62: =AA62+BC62 -> 0 | BF62: =VLOOKUP(C62,[1]Sheet!$F:$Q,9,FALSE) -> #N/A | BG62: =VLOOKUP(C62,[1]Sheet!$F:$Q,5,FALSE) -> #N/A | BH62: =VLOOKUP(C62,[1]Sheet!$F:$Q,12,FALSE) -> #N/A | BI62: =BG62-BH62 -> #N/A
A63: =ROW()-2 -> 61 | R63: + | AK63: =AJ63*1.4% -> 0 | BA63: =Q63 -> 0 | BB63: =N63+BA63-1 -> -1 | BC63: =S63 -> 0 | BD63: =AA63+BC63 -> 0 | BF63: =VLOOKUP(C63,[1]Sheet!$F:$Q,9,FALSE) -> #N/A | BG63: =VLOOKUP(C63,[1]Sheet!$F:$Q,5,FALSE) -> #N/A | BH63: =VLOOKUP(C63,[1]Sheet!$F:$Q,12,FALSE) -> #N/A | BI63: =BG63-BH63 -> #N/A
A64: =ROW()-2 -> 62 | R64: + | AK64: =AJ64*1.4% -> 0 | BA64: =Q64 -> 0 | BB64: =N64+BA64-1 -> -1 | BC64: =S64 -> 0 | BD64: =AA64+BC64 -> 0 | BF64: =VLOOKUP(C64,[1]Sheet!$F:$Q,9,FALSE) -> #N/A | BG64: =VLOOKUP(C64,[1]Sheet!$F:$Q,5,FALSE) -> #N/A | BH64: =VLOOKUP(C64,[1]Sheet!$F:$Q,12,FALSE) -> #N/A | BI64: =BG64-BH64 -> #N/A
A65: =ROW()-2 -> 63 | R65: + | AK65: =AJ65*1.4% -> 0 | BA65: =Q65 -> 0 | BB65: =N65+BA65-1 -> -1 | BC65: =S65 -> 0 | BD65: =AA65+BC65 -> 0 | BF65: =VLOOKUP(C65,[1]Sheet!$F:$Q,9,FALSE) -> #N/A | BG65: =VLOOKUP(C65,[1]Sheet!$F:$Q,5,FALSE) -> #N/A | BH65: =VLOOKUP(C65,[1]Sheet!$F:$Q,12,FALSE) -> #N/A | BI65: =BG65-BH65 -> #N/A
A68: CERAMIC CONTAINER 2026 - MOCHA FULL CONTAINER (JOINT BL WITH SORENTO)
A69: NO | B69: LOC | C69: CONTAINER | D69: LINER | E69: CHINA FORWARDER | F69: MALAYSIA FORWARDER | G69: CONSIGNEE | H69: FACTORY | I69: PRODUCT | J69: LOADING | K69: ETC | L69: ETD | M69: ETA | N69: ETA DELAY | O69: ATA | P69: STACKED | Q69: FREE DAYS AVAILABLE | T69: INSPECTION | U69: APPROVAL | V69: ORI DOC RECEIVED DATE | W69: K1 SUBMISSION | X69: GATEPASS | Y69: DELIVERY WAREHOUSE | Z69: YARD ARRIVALS | AA69: WAREHOUSE ARRIVALS | AB69: INFORMED COLLECTION | AC69: COLLECTION | AD69: REMARKS 1 | AE69: REMARKS 2 | AF69: REMARKS 3 | AG69: 2ND LABOUR CHARGE | AH69: K1 RATE | AI69: CHINA FORWARDING COST (RMB) | AL69: DATE RECEIVE K1 | AM69: SST AMOUNT | AN69: LOCAL CLEARANCE CHARGES | AO69: KOPI | AP69: DEMURRAGE | AQ69: PORT CHARGES | AR69: DETENTION | AS69: TOTAL LOCAL CLEARANCE | AT69: TOTAL FREIGHT | AU69: CARGO INSURANCE | AV69: SRT? MBS? BOTH? | AW69: LOCAL CLEARANCE CHARGES | AX69: USD | AY69: SST | BB69: Demurrage | BD69: Detention | BF69: Rate | BG69: System | BH69: Actual | BI69: Diff
A70: 1 | R70: + | AI70: 10080 | BA70: =Q70 -> 0 | BB70: =N70+BA70-1 -> -1 | BC70: =S70 -> 0 | BD70: =AA70+BC70 -> 0 | BF70: =VLOOKUP(C70,[1]Sheet!$F:$Q,10,FALSE) -> #N/A | BG70: =VLOOKUP(C70,[1]Sheet!$F:$Q,5,FALSE) -> #N/A | BH70: =VLOOKUP(C70,[1]Sheet!$F:$Q,12,FALSE) -> #N/A | BI70: =BG70-BH70 -> #N/A
A71: 2 | R71: + | AI71: 11050
A72: 3 | R72: + | AI72: 11050
A74: CERAMIC CONTAINER 2026 - SORENTO JOINT MOCHA CONTAINER | AT74: 1.6
A75: NO | B75: LOC | C75: CONTAINER | D75: LINER | E75: CHINA FORWARDER | F75: MALAYSIA FORWARDER | G75: CONSIGNEE | H75: FACTORY | I75: PRODUCT | J75: LOADING | K75: ETC | L75: ETD | M75: ETA | N75: ETA DELAY | O75: ATA | P75: STACKED | Q75: FREE DAYS AVAILABLE | T75: INSPECTION | U75: APPROVAL | V75: ORI DOC RECEIVED DATE | W75: K1 SUBMISSION | X75: GATEPASS | Y75: DELIVERY WAREHOUSE | Z75: YARD ARRIVALS | AA75: WAREHOUSE ARRIVALS | AB75: INFORMED COLLECTION | AC75: COLLECTION | AD75: REMARKS 1 | AE75: REMARKS 2 | AF75: REMARKS 3 | AG75: 2ND LABOUR CHARGE | AH75: K1 RATE | AI75: CHINA FORWARDING COST (RMB) | AL75: DATE RECEIVE K1 | AM75: SST AMOUNT | AN75: LOCAL CLEARANCE CHARGES | AO75: KOPI | AP75: DEMURRAGE | AQ75: PORT CHARGES | AR75: DETENTION | AS75: TOTAL LOCAL CLEARANCE | AT75: TOTAL FREIGHT | AU75: CARGO INSURANCE | AV75: SRT? MBS? BOTH? | AW75: LOCAL CLEARANCE CHARGES | AX75: USD | AY75: SST | BB75: Demurrage | BD75: Detention | BF75: Rate | BG75: System | BH75: Actual | BI75: Diff
A76: 4 | BA76: =Q76 -> 0 | BB76: =N76+BA76-1 -> -1 | BC76: =S76 -> 0 | BD76: =AA76+BC76 -> 0 | BF76: =VLOOKUP(C76,[1]Sheet!$F:$Q,10,FALSE) -> #N/A | BG76: =VLOOKUP(C76,[1]Sheet!$F:$Q,5,FALSE) -> #N/A | BH76: =VLOOKUP(C76,[1]Sheet!$F:$Q,12,FALSE) -> #N/A | BI76: =BG76-BH76 -> #N/A
A77: 5 | BA77: =Q77 -> 0 | BB77: =N77+BA77-1 -> -1 | BC77: =S77 -> 0 | BD77: =AA77+BC77 -> 0 | BF77: =VLOOKUP(C77,[1]Sheet!$F:$Q,10,FALSE) -> #N/A | BG77: =VLOOKUP(C77,[1]Sheet!$F:$Q,5,FALSE) -> #N/A | BH77: =VLOOKUP(C77,[1]Sheet!$F:$Q,12,FALSE) -> #N/A | BI77: =BG77-BH77 -> #N/A
A78: 6 | BA78: =Q78 -> 0 | BB78: =N78+BA78-1 -> -1 | BC78: =S78 -> 0 | BD78: =AA78+BC78 -> 0 | BF78: =VLOOKUP(C78,[1]Sheet!$F:$Q,10,FALSE) -> #N/A | BG78: =VLOOKUP(C78,[1]Sheet!$F:$Q,5,FALSE) -> #N/A | BH78: =VLOOKUP(C78,[1]Sheet!$F:$Q,12,FALSE) -> #N/A | BI78: =BG78-BH78 -> #N/A
A79: 7 | BA79: =Q79 -> 0 | BB79: =N79+BA79-1 -> -1 | BC79: =S79 -> 0 | BD79: =AA79+BC79 -> 0 | BF79: =VLOOKUP(C79,[1]Sheet!$F:$Q,10,FALSE) -> #N/A | BG79: =VLOOKUP(C79,[1]Sheet!$F:$Q,5,FALSE) -> #N/A | BH79: =VLOOKUP(C79,[1]Sheet!$F:$Q,12,FALSE) -> #N/A | BI79: =BG79-BH79 -> #N/A
A80: 8 | Q80: 14 | R80: + | S80: 7 | BA80: =Q80 -> 14 | BB80: =N80+BA80-1 -> 13 | BC80: =S80 -> 7 | BD80: =AA80+BC80 -> 7 | BF80: =VLOOKUP(C80,[1]Sheet!$F:$Q,10,FALSE) -> #N/A | BG80: =VLOOKUP(C80,[1]Sheet!$F:$Q,5,FALSE) -> #N/A | BH80: =VLOOKUP(C80,[1]Sheet!$F:$Q,12,FALSE) -> #N/A | BI80: =BG80-BH80 -> #N/A

Sheet Arrived
A1: ARRIVED (Target 500 Containers) | J1: 2-4 DAYS BEFORE ETD | L1: 7-8 DAYS | Q1: TO WAIVE DEMURRAGE & DETENTION | T1: 2 DAYS AFTER CONT. REACHED APPLY INSP. | U1: 3 DAYS (NOT INCL INSP.) | V1: CHINA AGENT (IF LATE CHARGE THEM) | W1: PAPER APPROVED 1-2 DAYS | X1: SAME DAY PAY DUTY & APPLY E GATE PASS | Z1: 48HRS UPON GATE PASS RECEIVED | AB1: 48HRS UPON INFORMED | AC1: WITHIN 6 DAYS UPON EXIT GATE | AK1: 1.4% - 1.6% | AT1: 1.6 | AV1: CHARGES
A2: NO | B2: LOC | C2: CONTAINER | D2: LINER | E2: CHINA FORWARDER | F2: MALAYSIA FORWARDER | G2: CONSIGNEE | H2: FACTORY | I2: PRODUCT | J2: LOADING | K2: ETC | L2: ETD | M2: ETA | N2: ETA DELAY | O2: ATA | P2: STACKED | Q2: FREE DAYS AVAILABLE | T2: INSPECTION | U2: APPROVAL | V2: ORI DOC RECEIVED DATE | W2: K1 SUBMISSION | X2: GATEPASS | Y2: DELIVERY WAREHOUSE | Z2: YARD ARRIVALS | AA2: W/H ARRIVALS | AB2: INFORMED COLLECTION | AC2: COLLECTION | AD2: REMARKS 1 | AE2: REMARKS 2 | AF2: REMARKS 3 | AG2: 2ND LABOUR CHARGE | AH2: K1 RATE | AI2: CHINA FREIGHT (RMB) | AJ2: PRODUCT VALUE (RMB) | AK2: 0.014 | AL2: DATE RECEIVE K1 | AM2: SST AMOUNT | AN2: LOCAL CLEARANCE CHARGES | AO2: KOPI | AP2: DEMURRAGE | AQ2: PORT CHARGES | AR2: DETENTION | AS2: TOTAL LOCAL CLEARANCE | AT2: TOTAL FREIGHT | AU2: CARGO INSURANCE | AV2: SRT? MBS? BOTH? | AW2: LOCAL CLEARANCE CHARGES | AX2: USD | AY2: SST | BB2: Demurrange | BD2: Detention
A3: =ROW()-2 -> 1 | B3: DC1 | C3: MSDU7419719 | D3: MSC | E3: Onetouch | F3: Sataka | G3: Sorento | H3: Yanggang | J3: 46029 | K3: 46033 | L3: 46034 | M3: 46042 | N3: 46041 | Q3: 21 | R3: + | S3: 0 | X3: 46044 | AA3: 46050 | AB3: 46056 | AC3: 46058 | AI3: 10000 | AN3: =2700+50 -> 2750 | AQ3: 265 | BA3: =Q3 -> 21 | BB3: =N3+BA3-1 -> 46061 | BC3: =S3 -> 0 | BD3: =AA3+BC3 -> 46050 | BF3: =VLOOKUP(C3,[1]Sheet!$F:$Q,10,FALSE) -> I | BG3: =VLOOKUP(C3,[1]Sheet!$F:$Q,5,FALSE) -> 156827 | BH3: =VLOOKUP(C3,[1]Sheet!$F:$Q,12,FALSE) -> 0 | BI3: =BG3-BH3 -> 156827
A4: =ROW()-2 -> 2 | B4: MWH | C4: MSDU8634742 | D4: MSC | E4: Onetouch | F4: Sataka | G4: Sorento | H4: Yanggang | J4: 46029 | K4: 46033 | L4: 46034 | M4: 46042 | N4: 46042 | Q4: 21 | R4: + | S4: 0 | X4: 46044 | AA4: 46051 | AB4: 46053 | AC4: 46053 | AI4: 10000 | AN4: 2700 | AQ4: 366.3 | BA4: =Q4 -> 21 | BB4: =N4+BA4-1 -> 46062 | BC4: =S4 -> 0 | BD4: =AA4+BC4 -> 46051 | BF4: =VLOOKUP(C4,[1]Sheet!$F:$Q,10,FALSE) -> I | BG4: =VLOOKUP(C4,[1]Sheet!$F:$Q,5,FALSE) -> 186321 | BH4: =VLOOKUP(C4,[1]Sheet!$F:$Q,12,FALSE) -> 0 | BI4: =BG4-BH4 -> 186321
A5: =ROW()-2 -> 3 | B5: MWH | C5: MSNU9664232 | D5: MSC | E5: Onetouch | F5: Sataka | G5: Sorento | H5: Yanggang | J5: 46029 | K5: 46033 | L5: 46034 | M5: 46042 | N5: 46041 | Q5: 21 | R5: + | S5: 0 | X5: 46044 | AA5: 46053 | AB5: 46056 | AC5: 46056 | AI5: 10000 | AN5: 2700 | AQ5: 366.3 | BA5: =Q5 -> 21 | BB5: =N5+BA5-1 -> 46061 | BC5: =S5 -> 0 | BD5: =AA5+BC5 -> 46053 | BF5: =VLOOKUP(C5,[1]Sheet!$F:$Q,10,FALSE) -> I | BG5: =VLOOKUP(C5,[1]Sheet!$F:$Q,5,FALSE) -> 178540 | BH5: =VLOOKUP(C5,[1]Sheet!$F:$Q,12,FALSE) -> 0 | BI5: =BG5-BH5 -> 178540
A6: =ROW()-2 -> 4 | B6: BRW | C6: FCIU9273686 | D6: CMA | E6: Hongxin | F6: MPM | G6: Sorento (Mocha) | H6: Taiyang | J6: 46027 | K6: 46028 | L6: 46030 | M6: 46041 | N6: 46042 | Q6: 14 | R6: + | S6: 0 | X6: 46050 | AA6: 46052 | AB6: 46053 | AC6: 46053 | AI6: 10400 | AK6: =AJ6*1.4% -> 0 | AN6: =2700+162 -> 2862 | AP6: =640-640 -> 0 | AQ6: 366.3 | AU6: =447.53+26.85 -> 474.38 | BA6: =Q6 -> 14 | BB6: =N6+BA6-1 -> 46055 | BC6: =S6 -> 0 | BD6: =AA6+BC6 -> 46052 | BF6: =VLOOKUP(C6,[1]Sheet!$F:$Q,10,FALSE) -> I | BG6: =VLOOKUP(C6,[1]Sheet!$F:$Q,5,FALSE) -> 505616.1 | BH6: =VLOOKUP(C6,[1]Sheet!$F:$Q,12,FALSE) -> 0 | BI6: =BG6-BH6 -> 505616.1
A7: =ROW()-2 -> 5 | B7: BRW | C7: TLLU8782540 | D7: CMA | E7: Hongxin | F7: MPM | G7: Sorento | H7: Taiyang | J7: 46027 | K7: 46028 | L7: 46030 | M7: 46041 | N7: 46042 | Q7: 14 | R7: + | S7: 0 | X7: 46056 | AA7: 46056 | AB7: 46057 | AC7: 46058 | AI7: 10400 | AN7: =2700+162 -> 2862 | AQ7: 526.3 | AR7: 960 | AU7: =505.71+30.34 -> 536.05 | BA7: =Q7 -> 14 | BB7: =N7+BA7-1 -> 46055 | BC7: =S7 -> 0 | BD7: =AA7+BC7 -> 46056 | BF7: =VLOOKUP(C7,[1]Sheet!$F:$Q,10,FALSE) -> I | BG7: =VLOOKUP(C7,[1]Sheet!$F:$Q,5,FALSE) -> 773109.6 | BH7: =VLOOKUP(C7,[1]Sheet!$F:$Q,12,FALSE) -> 0 | BI7: =BG7-BH7 -> 773109.6
A8: =ROW()-2 -> 6 | B8: MWH | C8: WHSU8787305 | D8: WHL | E8: Haiian | F8: Haiian | G8: Sorento (Full Mocha) | H8: Jinbaichuan | I8: 7620+242+7621+7605-RL-P+7605-RL-200+7605-RL | J8: 46031 | K8: 46032 | L8: 46034 | M8: 46044 | N8: 46043 | Q8: 14 | R8: + | S8: 7 | T8: 46044 | U8: 46048 | X8: 46056 | AA8: 46056 | AB8: 46058 | AC8: 46059 | AI8: 10400 | AN8: =2700+500+260+1000+192 -> 4652 | AQ8: 452.5 | BA8: =Q8 -> 14 | BB8: =N8+BA8-1 -> 46056 | BC8: =S8 -> 7 | BD8: =AA8+BC8 -> 46063 | BF8: =VLOOKUP(C8,[1]Sheet!$F:$Q,10,FALSE) -> I | BG8: =VLOOKUP(C8,[1]Sheet!$F:$Q,5,FALSE) -> 610 | BH8: =VLOOKUP(C8,[1]Sheet!$F:$Q,12,FALSE) -> 0 | BI8: =BG8-BH8 -> 610
A9: =ROW()-2 -> 7 | B9: PSM | C9: WHSU8785323 | D9: WHL | E9: Haiian | F9: Haiian | G9: Sorento | H9: Jinbaichuan | I9: 605-RL | J9: 46031 | K9: 46032 | L9: 46034 | M9: 46044 | N9: 46043 | Q9: 14 | R9: + | S9: 7 | T9: 46044 | U9: 46048 | X9: 46056 | AA9: 46056 | AB9: 46057 | AC9: 46057 | AI9: 10400 | AN9: =2700+500+260+192 -> 3652 | AQ9: 452.5 | AU9: =592.07+35.52 -> 627.59 | BA9: =Q9 -> 14 | BB9: =N9+BA9-1 -> 46056 | BC9: =S9 -> 7 | BD9: =AA9+BC9 -> 46063 | BF9: =VLOOKUP(C9,[1]Sheet!$F:$Q,10,FALSE) -> I | BG9: =VLOOKUP(C9,[1]Sheet!$F:$Q,5,FALSE) -> 100935 | BH9: =VLOOKUP(C9,[1]Sheet!$F:$Q,12,FALSE) -> 0 | BI9: =BG9-BH9 -> 100935
A10: =ROW()-2 -> 8 | B10: BRW | C10: WHSU8785880 | D10: WHL | E10: Haiian | F10: Haiian | G10: Sorento | H10: Jinbaichuan | I10: 8354-SH-150+8354-SH-P+8354-SH-200+8354-SH+8152-SH | J10: 46031 | K10: 46032 | L10: 46034 | M10: 46044 | N10: 46043 | Q10: 14 | R10: + | S10: 7 | T10: 46044 | U10: 46048 | X10: 46056 | AA10: 46056 | AB10: 46059 | AC10: 46059 | AI10: 10400 | AN10: =2700+500+260+192 -> 3652 | AQ10: 452.5 | BA10: =Q10 -> 14 | BB10: =N10+BA10-1 -> 46056 | BC10: =S10 -> 7 | BD10: =AA10+BC10 -> 46063 | BF10: =VLOOKUP(C10,[1]Sheet!$F:$Q,10,FALSE) -> I | BG10: =VLOOKUP(C10,[1]Sheet!$F:$Q,5,FALSE) -> 119150 | BH10: =VLOOKUP(C10,[1]Sheet!$F:$Q,12,FALSE) -> 0 | BI10: =BG10-BH10 -> 119150
A11: =ROW()-2 -> 9 | B11: MWH | C11: WHSU8783038 | D11: WHL | E11: Haiian | F11: Haiian | G11: Sorento | H11: Jinbaichuan+Teca+Yimeijia+Jiahao | I11: CWB247+762+245++286-SH+286-SH-200+286-SH-150+189-G2+6012+1408+1455+1456+1549+1542 | J11: 46031 | K11: 46032 | L11: 46034 | M11: 46044 | N11: 46043 | Q11: 14 | R11: + | S11: 7 | T11: 46044 | U11: 46048 | X11: 46056 | AA11: 46057 | AB11: 46058 | AC11: 46058 | AI11: =10400+1000 -> 11400 | AN11: =2700+500+260+192 -> 3652 | AQ11: =327.5+198.8 -> 526.3 | BA11: =Q11 -> 14 | BB11: =N11+BA11-1 -> 46056 | BC11: =S11 -> 7 | BD11: =AA11+BC11 -> 46064 | BF11: =VLOOKUP(C11,[1]Sheet!$F:$Q,10,FALSE) -> I | BG11: =VLOOKUP(C11,[1]Sheet!$F:$Q,5,FALSE) -> 76777 | BH11: =VLOOKUP(C11,[1]Sheet!$F:$Q,12,FALSE) -> 0 | BI11: =BG11-BH11 -> 76777
A12: =ROW()-2 -> 10 | B12: PSM | C12: WHSU8784250 | D12: WHL | E12: Haiian | F12: Haiian | G12: Sorento (Full Mocha) | H12: Jinbaichuan | I12: 7625-SH-S10+7625-SH-P | J12: 46031 | K12: 46032 | L12: 46034 | M12: 46044 | N12: 46043 | Q12: 14 | R12: + | S12: 7 | T12: 46044 | U12: 46048 | X12: 46056 | AA12: 46057 | AB12: 46062 | AC12: 46062 | AI12: 10400 | AN12: =2700+500+260+192 -> 3652 | AQ12: =292.5+198.8 -> 491.3 | BA12: =Q12 -> 14 | BB12: =N12+BA12-1 -> 46056 | BC12: =S12 -> 7 | BD12: =AA12+BC12 -> 46064 | BF12: =VLOOKUP(C12,[1]Sheet!$F:$Q,10,FALSE) -> #N/A | BG12: =VLOOKUP(C12,[1]Sheet!$F:$Q,5,FALSE) -> #N/A | BH12: =VLOOKUP(C12,[1]Sheet!$F:$Q,12,FALSE) -> #N/A | BI12: =BG12-BH12 -> #N/A
A13: =ROW()-2 -> 11 | B13: BRW | C13: WHSU8793191 | D13: WHL | E13: Haiian | F13: Haiian | G13: Sorento | H13: Jinbaichuan | I13: 286-SH | J13: 46031 | K13: 46032 | L13: 46034 | M13: 46044 | N13: 46043 | Q13: 14 | R13: + | S13: 7 | T13: 46044 | U13: 46048 | X13: 46056 | AA13: 46057 | AB13: 46059 | AC13: 46059 | AI13: 10400 | AN13: =2700+162 -> 2862 | AP13: 230 | AQ13: =292.5+198.8 -> 491.3 | BA13: =Q13 -> 14 | BB13: =N13+BA13-1 -> 46056 | BC13: =S13 -> 7 | BD13: =AA13+BC13 -> 46064 | BF13: =VLOOKUP(C13,[1]Sheet!$F:$Q,10,FALSE) -> I | BG13: =VLOOKUP(C13,[1]Sheet!$F:$Q,5,FALSE) -> 111720 | BH13: =VLOOKUP(C13,[1]Sheet!$F:$Q,12,FALSE) -> 0 | BI13: =BG13-BH13 -> 111720
A14: =ROW()-2 -> 12 | B14: MWH | C14: WHSU8783059 | D14: WHL | E14: Haiian | F14: Haiian | G14: Sorento | H14: Jinbaichuan | I14: 287A-RL | J14: 46031 | K14: 46032 | L14: 46034 | M14: 46044 | N14: 46043 | Q14: 14 | R14: + | S14: 7 | T14: 46044 | U14: 46048 | X14: 46056 | AA14: 46058 | AB14: 46062 | AC14: 46062 | AI14: 10400 | AN14: =2700+500+260+192 -> 3652 | AP14: 184 | AQ14: =292.5+233.8 -> 526.3 | BA14: =Q14 -> 14 | BB14: =N14+BA14-1 -> 46056 | BC14: =S14 -> 7 | BD14: =AA14+BC14 -> 46065 | BF14: =VLOOKUP(C14,[1]Sheet!$F:$Q,10,FALSE) -> I | BG14: =VLOOKUP(C14,[1]Sheet!$F:$Q,5,FALSE) -> 102000 | BH14: =VLOOKUP(C14,[1]Sheet!$F:$Q,12,FALSE) -> 0 | BI14: =BG14-BH14 -> 102000
A15: =ROW()-2 -> 13 | B15: BRW | C15: OOLU6989170 | D15: COSCO | E15: Kaidila | F15: MPM | G15: Sorento (Mocha) | H15: Gaode | J15: 46027 | K15: 46032 | L15: 46034 | M15: 46045 | N15: 46043 | Q15: 21 | R15: + | S15: 0 | T15: 46043 | U15: 46048 | X15: 46058 | AA15: 46059 | AB15: 46060 | AC15: 46060 | AI15: =10400+1000 -> 11400 | AN15: =2700+162 -> 2862 | AQ15: 600 | BA15: =Q15 -> 21 | BB15: =N15+BA15-1 -> 46063 | BC15: =S15 -> 0 | BD15: =AA15+BC15 -> 46059 | BF15: =VLOOKUP(C15,[1]Sheet!$F:$Q,10,FALSE) -> I | BG15: =VLOOKUP(C15,[1]Sheet!$F:$Q,5,FALSE) -> 71800 | BH15: =VLOOKUP(C15,[1]Sheet!$F:$Q,12,FALSE) -> 0 | BI15: =BG15-BH15 -> 71800
A16: =ROW()-2 -> 14 | B16: MWH | C16: CSNU6595776 | D16: COSCO | E16: Kaidila | F16: MPM | G16: Sorento (Mocha) | H16: Weikaili+Gaode | J16: 46027 | K16: 46032 | L16: 46034 | M16: 46045 | N16: 46043 | Q16: 21 | R16: + | S16: 0 | T16: 46043 | U16: 46048 | X16: 46058 | AA16: 46060 | AB16: 46064 | AC16: 46064 | AI16: =10400+150+1000 -> 11550 | AN16: =2700+700+500+1000+63.6+192 -> 5155.6 | AO16: 2000 | AP16: =160+9.6 -> 169.6 | AQ16: 600 | AU16: =364.2+21.85 -> 386.05 | BA16: =Q16 -> 21 | BB16: =N16+BA16-1 -> 46063 | BC16: =S16 -> 0 | BD16: =AA16+BC16 -> 46060 | BF16: =VLOOKUP(C16,[1]Sheet!$F:$Q,10,FALSE) -> I | BG16: =VLOOKUP(C16,[1]Sheet!$F:$Q,5,FALSE) -> 31600 | BH16: =VLOOKUP(C16,[1]Sheet!$F:$Q,12,FALSE) -> 0 | BI16: =BG16-BH16 -> 31600
A17: =ROW()-2 -> 15 | B17: MWH | C17: CSNU8281286 | D17: COSCO | E17: Kaidila | F17: MPM | G17: Sorento (Full Mocha) | H17: Weikaili | J17: 46027 | K17: 46032 | L17: 46034 | M17: 46045 | N17: 46043 | Q17: 21 | R17: + | S17: 0 | T17: 46043 | U17: 46048 | X17: 46058 | AA17: 46063 | AC17: 46065 | AI17: 10400 | AN17: =2700+162 -> 2862 | AP17: =320+19.2 -> 339.2 | AQ17: 745 | BA17: =Q17 -> 21 | BB17: =N17+BA17-1 -> 46063 | BC17: =S17 -> 0 | BD17: =AA17+BC17 -> 46063 | BF17: =VLOOKUP(C17,[1]Sheet!$F:$Q,10,FALSE) -> #N/A | BG17: =VLOOKUP(C17,[1]Sheet!$F:$Q,5,FALSE) -> #N/A | BH17: =VLOOKUP(C17,[1]Sheet!$F:$Q,12,FALSE) -> #N/A | BI17: =BG17-BH17 -> #N/A
A18: =ROW()-2 -> 16 | B18: MWH | C18: FCIU9602971 | D18: COSCO | E18: Kaidila | F18: MPM | G18: Sorento (Mocha) | H18: Gaode+Jinbaichuan | J18: 46027 | K18: 46032 | L18: 46034 | M18: 46045 | N18: 46043 | Q18: 21 | R18: + | S18: 0 | T18: 46043 | U18: 46048 | X18: 46058 | AA18: 46065 | AB18: 46072 | AC18: 46072 | AI18: =10400+150+1000 -> 11550 | AN18: =2700+700+500+192 -> 4092 | AP18: =1860+111.6 -> 1971.6 | AQ18: 839.1 | BA18: =Q18 -> 21 | BB18: =N18+BA18-1 -> 46063 | BC18: =S18 -> 0 | BD18: =AA18+BC18 -> 46065 | BF18: =VLOOKUP(C18,[1]Sheet!$F:$Q,10,FALSE) -> I | BG18: =VLOOKUP(C18,[1]Sheet!$F:$Q,5,FALSE) -> 58400 | BH18: =VLOOKUP(C18,[1]Sheet!$F:$Q,12,FALSE) -> 0 | BI18: =BG18-BH18 -> 58400
A19: =ROW()-2 -> 17 | B19: MWH | C19: DFSU7049428 | D19: COSCO | E19: Kaidila | F19: MPM | G19: Sorento (Full Mocha) | H19: Weikaili | J19: 46027 | K19: 46032 | L19: 46034 | M19: 46045 | N19: 46043 | Q19: 21 | R19: + | S19: 0 | T19: 46043 | U19: 46048 | X19: 46058 | AA19: 46064 | AB19: 46065 | AC19: 46065 | AI19: 10400 | AN19: =2700+162 -> 2862 | AP19: =320+19.2 -> 339.2 | AQ19: 839.1 | BA19: =Q19 -> 21 | BB19: =N19+BA19-1 -> 46063 | BC19: =S19 -> 0 | BD19: =AA19+BC19 -> 46064 | BF19: =VLOOKUP(C19,[1]Sheet!$F:$Q,10,FALSE) -> #N/A | BG19: =VLOOKUP(C19,[1]Sheet!$F:$Q,5,FALSE) -> #N/A | BH19: =VLOOKUP(C19,[1]Sheet!$F:$Q,12,FALSE) -> #N/A | BI19: =BG19-BH19 -> #N/A
A20: =ROW()-2 -> 18 | B20: DC1 | C20: OOCU6812825 | D20: OOCL | E20: J&H | F20: MPM | G20: Sorento | H20: Lanyi | I20: 7630-SH+7630-SH-200+7630-SH-300+8503-RL+8517-SH+7624-RL-S10+1409-BL+1518+1086-CB+1215+1219+1409-CB+1411-CB+1421-CB+1515-CB+1086+1411+7237+7018 | J20: 46025 | K20: 46035 | L20: 46037 | M20: 46043 | N20: 46048 | Q20: 14 | R20: + | S20: 7 | T20: 46049 | U20: 46050 | X20: 46059 | AA20: 46060 | AB20: 46064 | AC20: 46068 | AI20: 11600 | AN20: =2700+700+500+1000+127.2+192 -> 5219.2 | AQ20: 452.5 | AR20: =63.6-63.6 -> 0 | AU20: =359.73+21.58 -> 381.31 | BA20: =Q20 -> 14 | BB20: =N20+BA20-1 -> 46061 | BC20: =S20 -> 7 | BD20: =AA20+BC20 -> 46067 | BF20: =VLOOKUP(C20,[1]Sheet!$F:$Q,10,FALSE) -> I | BG20: =VLOOKUP(C20,[1]Sheet!$F:$Q,5,FALSE) -> 120943.02 | BH20: =VLOOKUP(C20,[1]Sheet!$F:$Q,12,FALSE) -> 0 | BI20: =BG20-BH20 -> 120943.02
A21: =ROW()-2 -> 19 | B21: DC1 | C21: CSNU6403493 | D21: OOCL | E21: J&H | F21: MPM | G21: Sorento | H21: Lanyi | I21: 8518-SH+8518-SH-P+1514 | J21: 46025 | K21: 46035 | L21: 46037 | M21: 46043 | N21: 46048 | Q21: 14 | R21: + | S21: 7 | T21: 46049 | U21: 46050 | X21: 46058 | AA21: 46060 | AB21: 46066 | AC21: 46066 | AI21: 11600 | AN21: =2700+700+500+192 -> 4092 | AQ21: 452.5 | BA21: =Q21 -> 14 | BB21: =N21+BA21-1 -> 46061 | BC21: =S21 -> 7 | BD21: =AA21+BC21 -> 46067 | BF21: =VLOOKUP(C21,[1]Sheet!$F:$Q,10,FALSE) -> I | BG21: =VLOOKUP(C21,[1]Sheet!$F:$Q,5,FALSE) -> 131884.96 | BH21: =VLOOKUP(C21,[1]Sheet!$F:$Q,12,FALSE) -> 0 | BI21: =BG21-BH21 -> 131884.96
A22: =ROW()-2 -> 20 | B22: MWH | C22: CCLU7720154 | D22: OOCL | E22: J&H | F22: MPM | G22: Sorento (Full Mocha) | H22: Lanyi | I22: 7630-SH-S10+7630-SH-S8+7630-SH-P+7630-SH-S6 | J22: 46025 | K22: 46035 | L22: 46037 | M22: 46043 | N22: 46047 | Q22: 14 | R22: + | S22: 7 | T22: 46049 | U22: 46050 | X22: 46058 | AA22: 46063 | AB22: 46073 | AC22: 46073 | AI22: 11600 | AN22: =2700+700+500+192 -> 4092 | AP22: =465+27.9 -> 492.9 | AQ22: 600 | AR22: =240+14.4 -> 254.4 | BA22: =Q22 -> 14 | BB22: =N22+BA22-1 -> 46060 | BC22: =S22 -> 7 | BD22: =AA22+BC22 -> 46070 | BF22: =VLOOKUP(C22,[1]Sheet!$F:$Q,10,FALSE) -> #N/A | BG22: =VLOOKUP(C22,[1]Sheet!$F:$Q,5,FALSE) -> #N/A | BH22: =VLOOKUP(C22,[1]Sheet!$F:$Q,12,FALSE) -> #N/A | BI22: =BG22-BH22 -> #N/A
A23: =ROW()-2 -> 21 | B23: PSM | C23: OOCU5851386 | D23: OOCL | E23: J&H | F23: MPM | G23: Sorento (Full Mocha) | H23: Lanyi | I23: 7614-RL-S10+7614-RL-S8+7624-RL-S10+7624-RL-P+7023+7024+7045-WH+7048-WH+7046+7755+7044-BL+7044-WH+7046-BL+7762-BL+SP231 | J23: 46025 | K23: 46035 | L23: 46037 | M23: 46043 | N23: 46047 | Q23: 14 | R23: + | S23: 7 | T23: 46049 | U23: 46050 | X23: 46058 | AA23: 46063 | AB23: 46066 | AC23: 46068 | AI23: 11600 | AN23: =2700+700+500+192 -> 4092 | AP23: =310+18.6 -> 328.6 | AQ23: 600 | BA23: =Q23 -> 14 | BB23: =N23+BA23-1 -> 46060 | BC23: =S23 -> 7 | BD23: =AA23+BC23 -> 46070 | BF23: =VLOOKUP(C23,[1]Sheet!$F:$Q,10,FALSE) -> #N/A | BG23: =VLOOKUP(C23,[1]Sheet!$F:$Q,5,FALSE) -> #N/A | BH23: =VLOOKUP(C23,[1]Sheet!$F:$Q,12,FALSE) -> #N/A | BI23: =BG23-BH23 -> #N/A
A24: =ROW()-2 -> 22 | B24: MWH | C24: DFSU7577997 | D24: COSCO | E24: J&H | F24: MPM | G24: Sorento | H24: Jinbaichuan | I24: 243 | J24: 46027 | K24: 46031 | L24: 46032 | M24: 46039 | N24: 46043 | Q24: 21 | R24: + | S24: 0 | T24: 46044 | U24: 46048 | X24: 46058 | AA24: 46060 | AB24: 46065 | AC24: 46065 | AI24: =10450+1000 -> 11450 | AN24: =2700+700+500+192 -> 4092 | AP24: =320+19.2 -> 339.2 | AQ24: 600 | AU24: =635.22+38.11 -> 673.33 | BA24: =Q24 -> 21 | BB24: =N24+BA24-1 -> 46063 | BC24: =S24 -> 0 | BD24: =AA24+BC24 -> 46060 | BF24: =VLOOKUP(C24,[1]Sheet!$F:$Q,10,FALSE) -> I | BG24: =VLOOKUP(C24,[1]Sheet!$F:$Q,5,FALSE) -> 81097.45 | BH24: =VLOOKUP(C24,[1]Sheet!$F:$Q,12,FALSE) -> 0 | BI24: =BG24-BH24 -> 81097.45
A25: =ROW()-2 -> 23 | B25: MWH | C25: CSNU7567911 | D25: COSCO | E25: J&H | F25: MPM | G25: Sorento | H25: Jinbaichuan | I25: 286-SH | J25: 46027 | K25: 46031 | L25: 46032 | M25: 46039 | N25: 46043 | Q25: 21 | R25: + | S25: 0 | T25: 46044 | U25: 46048 | X25: 46058 | AA25: 46060 | AB25: 46063 | AC25: 46063 | AI25: 10450 | AN25: =2700+162 -> 2862 | AQ25: 600 | BA25: =Q25 -> 21 | BB25: =N25+BA25-1 -> 46063 | BC25: =S25 -> 0 | BD25: =AA25+BC25 -> 46060 | BF25: =VLOOKUP(C25,[1]Sheet!$F:$Q,10,FALSE) -> I | BG25: =VLOOKUP(C25,[1]Sheet!$F:$Q,5,FALSE) -> 111720 | BH25: =VLOOKUP(C25,[1]Sheet!$F:$Q,12,FALSE) -> 0 | BI25: =BG25-BH25 -> 111720
A26: =ROW()-2 -> 24 | B26: DC1 | C26: OOCU9005391 | D26: COSCO | E26: J&H | F26: MPM | G26: Sorento | H26: Jinbaichuan | I26: 9032+242+24+7518+890+241+SP124+7405-SC+BD325+1210 | J26: 46027 | K26: 46031 | L26: 46032 | M26: 46039 | N26: 46043 | Q26: 21 | R26: + | S26: 0 | T26: 46044 | U26: 46048 | X26: 46058 | AA26: 46060 | AB26: 46063 | AC26: 46064 | AI26: =10450+1000 -> 11450 | AN26: =2700+700+500+192 -> 4092 | AP26: =160+9.6 -> 169.6 | AQ26: 600 | BA26: =Q26 -> 21 | BB26: =N26+BA26-1 -> 46063 | BC26: =S26 -> 0 | BD26: =AA26+BC26 -> 46060 | BF26: =VLOOKUP(C26,[1]Sheet!$F:$Q,10,FALSE) -> I | BG26: =VLOOKUP(C26,[1]Sheet!$F:$Q,5,FALSE) -> 105760.02 | BH26: =VLOOKUP(C26,[1]Sheet!$F:$Q,12,FALSE) -> 0 | BI26: =BG26-BH26 -> 105760.02
A27: =ROW()-2 -> 25 | B27: DC1 | C27: CSNU8989824 | D27: COSCO | E27: J&H | F27: MPM | G27: Sorento | H27: Jinbaichuan | I27: 7606-SH | J27: 46027 | K27: 46031 | L27: 46032 | M27: 46039 | N27: 46043 | Q27: 21 | R27: + | S27: 0 | T27: 46044 | U27: 46048 | X27: 46058 | AA27: 46060 | AB27: 46062 | AC27: 46063 | AI27: 10450 | AN27: =2700+700+500+192 -> 4092 | AQ27: 600 | BA27: =Q27 -> 21 | BB27: =N27+BA27-1 -> 46063 | BC27: =S27 -> 0 | BD27: =AA27+BC27 -> 46060 | BF27: =VLOOKUP(C27,[1]Sheet!$F:$Q,10,FALSE) -> I | BG27: =VLOOKUP(C27,[1]Sheet!$F:$Q,5,FALSE) -> 89100 | BH27: =VLOOKUP(C27,[1]Sheet!$F:$Q,12,FALSE) -> 0 | BI27: =BG27-BH27 -> 89100
A28: =ROW()-2 -> 26 | B28: BRW | C28: OOLU9279402 | D28: COSCO | E28: J&H | F28: MPM | G28: Sorento | H28: Jinbaichuan | I28: 286-SH+286-SH-200 | J28: 46027 | K28: 46031 | L28: 46032 | M28: 46039 | N28: 46043 | Q28: 21 | R28: + | S28: 0 | T28: 46044 | U28: 46048 | X28: 46058 | AA28: 46060 | AB28: 46062 | AC28: 46062 | AI28: 10450 | AN28: =2700+700+500+1000+190.8+192 -> 5282.8 | AQ28: 636.3 | BA28: =Q28 -> 21 | BB28: =N28+BA28-1 -> 46063 | BC28: =S28 -> 0 | BD28: =AA28+BC28 -> 46060 | BF28: =VLOOKUP(C28,[1]Sheet!$F:$Q,10,FALSE) -> I | BG28: =VLOOKUP(C28,[1]Sheet!$F:$Q,5,FALSE) -> 111720 | BH28: =VLOOKUP(C28,[1]Sheet!$F:$Q,12,FALSE) -> 0 | BI28: =BG28-BH28 -> 111720
A29: =ROW()-2 -> 27 | B29: DC1 | C29: CSNU8793256 | D29: COSCO | E29: J&H | F29: MPM | G29: Sorento | H29: Jinbaichuan | I29: 8152-SH-150+8152-SH | J29: 46027 | K29: 46031 | L29: 46032 | M29: 46039 | N29: 46043 | Q29: 21 | R29: + | S29: 0 | T29: 46044 | U29: 46048 | X29: 46058 | AA29: 46060 | AB29: 46063 | AC29: 46063 | AI29: 10450 | AN29: =2700+700+500+192 -> 4092 | AQ29: 600 | BA29: =Q29 -> 21 | BB29: =N29+BA29-1 -> 46063 | BC29: =S29 -> 0 | BD29: =AA29+BC29 -> 46060 | BF29: =VLOOKUP(C29,[1]Sheet!$F:$Q,10,FALSE) -> I | BG29: =VLOOKUP(C29,[1]Sheet!$F:$Q,5,FALSE) -> 112800 | BH29: =VLOOKUP(C29,[1]Sheet!$F:$Q,12,FALSE) -> 0 | BI29: =BG29-BH29 -> 112800
A30: =ROW()-2 -> 28 | B30: MWH | C30: FFAU2365382 | D30: COSCO | E30: J&H | F30: MPM | G30: Sorento (Full Mocha) | H30: Jinbaichuan | I30: MWC7602-RL | J30: 46027 | K30: 46031 | L30: 46032 | M30: 46039 | N30: 46043 | Q30: 21 | R30: + | S30: 0 | T30: 46044 | U30: 46048 | X30: 46058 | AA30: 46064 | AB30: 46072 | AC30: 46073 | AI30: 10450 | AN30: =2700+700+500+192 -> 4092 | AP30: =2080+124.8 -> 2204.8 | AQ30: 839.1 | BA30: =Q30 -> 21 | BB30: =N30+BA30-1 -> 46063 | BC30: =S30 -> 0 | BD30: =AA30+BC30 -> 46064 | BF30: =VLOOKUP(C30,[1]Sheet!$F:$Q,10,FALSE) -> #N/A | BG30: =VLOOKUP(C30,[1]Sheet!$F:$Q,5,FALSE) -> #N/A | BH30: =VLOOKUP(C30,[1]Sheet!$F:$Q,12,FALSE) -> #N/A | BI30: =BG30-BH30 -> #N/A
A31: =ROW()-2 -> 29 | B31: MWH | C31: CCLU7917333 | D31: COSCO | E31: J&H | F31: MPM | G31: Sorento | H31: Jinbaichuan | I31: 286-SH | J31: 46027 | K31: 46031 | L31: 46032 | M31: 46039 | N31: 46043 | Q31: 21 | R31: + | S31: 0 | T31: 46044 | U31: 46048 | X31: 46058 | AA31: 46064 | AB31: 46071 | AC31: 46072 | AI31: 10450 | AN31: =2700+162 -> 2862 | AP31: =1860+111.6 -> 1971.6 | AQ31: 839.1 | BA31: =Q31 -> 21 | BB31: =N31+BA31-1 -> 46063 | BC31: =S31 -> 0 | BD31: =AA31+BC31 -> 46064 | BF31: =VLOOKUP(C31,[1]Sheet!$F:$Q,10,FALSE) -> I | BG31: =VLOOKUP(C31,[1]Sheet!$F:$Q,5,FALSE) -> 111720 | BH31: =VLOOKUP(C31,[1]Sheet!$F:$Q,12,FALSE) -> 0 | BI31: =BG31-BH31 -> 111720
A32: =ROW()-2 -> 30 | B32: MWH | C32: OOCU5997088 | D32: OOCL | E32: Onetouch | F32: Sataka | G32: Sorento (Mocha) | H32: Yanggang | J32: 46038 | K32: 46047 | L32: 46049 | M32: 46056 | N32: 46054 | Q32: 12 | R32: + | S32: 10 | X32: 46058 | AA32: 46060 | AB32: 46071 | AC32: 46073 | AI32: 10100 | AN32: 2700 | AQ32: 152.5 | AR32: =555+33.3 -> 588.3 | AU32: =334.64+20.08 -> 354.72 | BA32: =Q32 -> 12 | BB32: =N32+BA32-1 -> 46065 | BC32: =S32 -> 10 | BD32: =AA32+BC32 -> 46070 | BF32: =VLOOKUP(C32,[1]Sheet!$F:$Q,10,FALSE) -> I | BG32: =VLOOKUP(C32,[1]Sheet!$F:$Q,5,FALSE) -> 4300 | BH32: =VLOOKUP(C32,[1]Sheet!$F:$Q,12,FALSE) -> 0 | BI32: =BG32-BH32 -> 4300
A33: =ROW()-2 -> 31 | B33: BRW | C33: OOCU5935044 | D33: OOCL | E33: Onetouch | F33: Sataka | G33: Sorento | H33: Yanggang | J33: 46038 | K33: 46047 | L33: 46049 | M33: 46056 | N33: 46054 | Q33: 12 | R33: + | S33: 10 | X33: 46058 | AA33: 46065 | AB33: 46066 | AC33: 46066 | AI33: 10100 | AN33: 2700 | AQ33: 366.3 | BA33: =Q33 -> 12 | BB33: =N33+BA33-1 -> 46065 | BC33: =S33 -> 10 | BD33: =AA33+BC33 -> 46075 | BF33: =VLOOKUP(C33,[1]Sheet!$F:$Q,10,FALSE) -> I | BG33: =VLOOKUP(C33,[1]Sheet!$F:$Q,5,FALSE) -> 164804 | BH33: =VLOOKUP(C33,[1]Sheet!$F:$Q,12,FALSE) -> 0 | BI33: =BG33-BH33 -> 164804
A34: =ROW()-2 -> 32 | B34: BRW | C34: OOCU5998021 | D34: OOCL | E34: Onetouch | F34: Sataka | G34: Sorento | H34: Yanggang | J34: 46038 | K34: 46047 | L34: 46049 | M34: 46056 | N34: 46054 | Q34: 12 | R34: + | S34: 10 | X34: 46058 | AA34: 46065 | AB34: 46066 | AC34: 46067 | AI34: 10100 | AN34: 2700 | AQ34: 366.3 | BA34: =Q34 -> 12 | BB34: =N34+BA34-1 -> 46065 | BC34: =S34 -> 10 | BD34: =AA34+BC34 -> 46075 | BF34: =VLOOKUP(C34,[1]Sheet!$F:$Q,10,FALSE) -> I | BG34: =VLOOKUP(C34,[1]Sheet!$F:$Q,5,FALSE) -> 175773.5 | BH34: =VLOOKUP(C34,[1]Sheet!$F:$Q,12,FALSE) -> 0 | BI34: =BG34-BH34 -> 175773.5
A35: =ROW()-2 -> 33 | B35: DC1 | C35: OOCU8952852 | D35: OOCL | E35: J&H | F35: MPM | G35: Sorento (Mocha) | H35: Muchen | J35: 46027 | K35: 46035 | L35: 46037 | M35: 46044 | N35: 46048 | Q35: 14 | R35: + | S35: 7 | X35: 46058 | AA35: 46060 | AB35: 46064 | AC35: 46066 | AI35: 11300 | AN35: =2700+162 -> 2862 | AQ35: 452.5 | AU35: =78.27+4.7 -> 82.97 | BA35: =Q35 -> 14 | BB35: =N35+BA35-1 -> 46061 | BC35: =S35 -> 7 | BD35: =AA35+BC35 -> 46067 | BF35: =VLOOKUP(C35,[1]Sheet!$F:$Q,10,FALSE) -> I | BG35: =VLOOKUP(C35,[1]Sheet!$F:$Q,5,FALSE) -> 74044.68 | BH35: =VLOOKUP(C35,[1]Sheet!$F:$Q,12,FALSE) -> 0 | BI35: =BG35-BH35 -> 74044.68
A36: =ROW()-2 -> 34 | B36: PSM | C36: FCIU7176270 | D36: TCLC | E36: Haiian | F36: Haiian | G36: Sorento | H36: Jinbaichuan | I36: 7606-SH | J36: 46036 | K36: 46043 | L36: 46045 | M36: 46052 | N36: 46051 | Q36: 21 | R36: + | S36: 0 | T36: 46057 | U36: 46058 | X36: 46062 | AA36: 46063 | AB36: 46066 | AC36: 46068 | AI36: 9700 | AN36: =2700+500+700+192 -> 4092 | AQ36: 452.5 | AU36: =576.39+34.58 -> 610.97 | BA36: =Q36 -> 21 | BB36: =N36+BA36-1 -> 46071 | BC36: =S36 -> 0 | BD36: =AA36+BC36 -> 46063 | BF36: =VLOOKUP(C36,[1]Sheet!$F:$Q,10,FALSE) -> I | BG36: =VLOOKUP(C36,[1]Sheet!$F:$Q,5,FALSE) -> 89100 | BH36: =VLOOKUP(C36,[1]Sheet!$F:$Q,12,FALSE) -> 0 | BI36: =BG36-BH36 -> 89100
A37: =ROW()-2 -> 35 | B37: DC1 | C37: FSCU7207555 | D37: TCLC | E37: Haiian | F37: Haiian | G37: Sorento | H37: Jinbaichuan | I37: 286-SH | J37: 46036 | K37: 46043 | L37: 46045 | M37: 46052 | N37: 46051 | Q37: 21 | R37: + | S37: 0 | T37: 46057 | U37: 46058 | X37: 46062 | AA37: 46064 | AB37: 46065 | AC37: 46065 | AI37: 9700 | AN37: =2700+162 -> 2862 | AQ37: 452.5 | BA37: =Q37 -> 21 | BB37: =N37+BA37-1 -> 46071 | BC37: =S37 -> 0 | BD37: =AA37+BC37 -> 46064 | BF37: =VLOOKUP(C37,[1]Sheet!$F:$Q,10,FALSE) -> I | BG37: =VLOOKUP(C37,[1]Sheet!$F:$Q,5,FALSE) -> 111720 | BH37: =VLOOKUP(C37,[1]Sheet!$F:$Q,12,FALSE) -> 0 | BI37: =BG37-BH37 -> 111720
A38: =ROW()-2 -> 36 | B38: DC1 | C38: CIMU0441229 | D38: TCLC | E38: Haiian | F38: Haiian | G38: Sorento | H38: Jinbaichuan | I38: 286-SH | J38: 46036 | K38: 46043 | L38: 46045 | M38: 46052 | N38: 46051 | Q38: 21 | R38: + | S38: 0 | T38: 46057 | U38: 46058 | X38: 46062 | AA38: 46064 | AB38: 46064 | AC38: 46064 | AI38: 9700 | AN38: =2700+162 -> 2862 | AQ38: 452.5 | BA38: =Q38 -> 21 | BB38: =N38+BA38-1 -> 46071 | BC38: =S38 -> 0 | BD38: =AA38+BC38 -> 46064 | BF38: =VLOOKUP(C38,[1]Sheet!$F:$Q,10,FALSE) -> I | BG38: =VLOOKUP(C38,[1]Sheet!$F:$Q,5,FALSE) -> 111720 | BH38: =VLOOKUP(C38,[1]Sheet!$F:$Q,12,FALSE) -> 0 | BI38: =BG38-BH38 -> 111720
A39: =ROW()-2 -> 37 | B39: DC1 | C39: FCIU7355390 | D39: TCLC | E39: Haiian | F39: Haiian | G39: Sorento | H39: Jinbaichuan | I39: 287A-RL | J39: 46036 | K39: 46043 | L39: 46045 | M39: 46052 | N39: 46051 | Q39: 21 | R39: + | S39: 0 | T39: 46057 | U39: 46058 | X39: 46062 | AA39: 46065 | AB39: 46065 | AC39: 46065 | AI39: 9700 | AN39: =2700+162 -> 2862 | AQ39: 491.3 | BA39: =Q39 -> 21 | BB39: =N39+BA39-1 -> 46071 | BC39: =S39 -> 0 | BD39: =AA39+BC39 -> 46065 | BF39: =VLOOKUP(C39,[1]Sheet!$F:$Q,10,FALSE) -> I | BG39: =VLOOKUP(C39,[1]Sheet!$F:$Q,5,FALSE) -> 102000 | BH39: =VLOOKUP(C39,[1]Sheet!$F:$Q,12,FALSE) -> 0 | BI39: =BG39-BH39 -> 102000
A40: =ROW()-2 -> 38 | B40: DC1 | C40: TCNU4781669 | D40: TCLC | E40: Haiian | F40: Haiian | G40: Sorento | H40: Jinbaichuan | I40: 605-RL | J40: 46036 | K40: 46043 | L40: 46045 | M40: 46052 | N40: 46051 | Q40: 21 | R40: + | S40: 0 | T40: 46057 | U40: 46058 | X40: 46062 | AA40: 46065 | AB40: 46066 | AC40: 46067 | AI40: 9700 | AN40: =2700+500+700+192 -> 4092 | AQ40: 526.3 | BA40: =Q40 -> 21 | BB40: =N40+BA40-1 -> 46071 | BC40: =S40 -> 0 | BD40: =AA40+BC40 -> 46065 | BF40: =VLOOKUP(C40,[1]Sheet!$F:$Q,10,FALSE) -> I | BG40: =VLOOKUP(C40,[1]Sheet!$F:$Q,5,FALSE) -> 100560 | BH40: =VLOOKUP(C40,[1]Sheet!$F:$Q,12,FALSE) -> 0 | BI40: =BG40-BH40 -> 100560
A41: =ROW()-2 -> 39 | B41: DC1 | C41: XHCU5580463 | D41: TCLC | E41: Haiian | F41: Haiian | G41: Sorento | H41: Jinbaichuan | I41: 8354-SH-150+8354-SH-200+286-SH-150+286-SH-200+287-RL | J41: 46036 | K41: 46043 | L41: 46045 | M41: 46052 | N41: 46051 | Q41: 21 | R41: + | S41: 0 | T41: 46057 | U41: 46058 | X41: 46062 | AA41: 46067 | AB41: 46072 | AC41: 46073 | AI41: 9700 | AN41: =2700+500+700+192 -> 4092 | AP41: 320 | AQ41: 600 | BA41: =Q41 -> 21 | BB41: =N41+BA41-1 -> 46071 | BC41: =S41 -> 0 | BD41: =AA41+BC41 -> 46067 | BF41: =VLOOKUP(C41,[1]Sheet!$F:$Q,10,FALSE) -> I | BG41: =VLOOKUP(C41,[1]Sheet!$F:$Q,5,FALSE) -> 117510 | BH41: =VLOOKUP(C41,[1]Sheet!$F:$Q,12,FALSE) -> 0 | BI41: =BG41-BH41 -> 117510
A42: =ROW()-2 -> 40 | B42: DC1 | C42: UETU5143710 | D42: TCLC | E42: Haiian | F42: Haiian | G42: Sorento | H42: Jinbaichuan | I42: 248+CWC242+8051+246+245+890+762+286-SH-200+286-SH | J42: 46036 | K42: 46043 | L42: 46045 | M42: 46052 | N42: 46051 | Q42: 21 | R42: + | S42: 0 | T42: 46057 | U42: 46058 | X42: 46062 | AA42: 46067 | AB42: 46072 | AC42: 46073 | AI42: =9700+1000 -> 10700 | AN42: =2700+500+700+1000+192 -> 5092 | AP42: 320 | AQ42: 600 | BA42: =Q42 -> 21 | BB42: =N42+BA42-1 -> 46071 | BC42: =S42 -> 0 | BD42: =AA42+BC42 -> 46067 | BF42: =VLOOKUP(C42,[1]Sheet!$F:$Q,10,FALSE) -> I | BG42: =VLOOKUP(C42,[1]Sheet!$F:$Q,5,FALSE) -> 103262 | BH42: =VLOOKUP(C42,[1]Sheet!$F:$Q,12,FALSE) -> 0 | BI42: =BG42-BH42 -> 103262
A43: =ROW()-2 -> 41 | B43: DC1 | C43: TEMU6971776 | D43: OOCL | E43: Kaidila | F43: MPM | G43: Sorento | H43: Muchen | J43: 46023 | K43: 46038 | L43: 46040 | M43: 46046 | N43: 46058 | Q43: 14 | R43: + | S43: 10 | X43: 46058 | AA43: 46065 | AB43: 46066 | AC43: 46066 | AI43: 10850 | AN43: =2700+162 -> 2862 | AQ43: 237.5 | AU43: =111.44+6.69 -> 118.13 | BA43: =Q43 -> 14 | BB43: =N43+BA43-1 -> 46071 | BC43: =S43 -> 10 | BD43: =AA43+BC43 -> 46075 | BF43: =VLOOKUP(C43,[1]Sheet!$F:$Q,10,FALSE) -> I | BG43: =VLOOKUP(C43,[1]Sheet!$F:$Q,5,FALSE) -> 69069 | BH43: =VLOOKUP(C43,[1]Sheet!$F:$Q,12,FALSE) -> 0 | BI43: =BG43-BH43 -> 69069
A44: =ROW()-2 -> 42 | B44: DC1 | C44: UETU5190029 | D44: OOCL | E44: Kaidila | F44: MPM | G44: Sorento | H44: Muchen | J44: 46023 | K44: 46038 | L44: 46040 | M44: 46046 | N44: 46058 | Q44: 14 | R44: + | S44: 10 | X44: 46058 | AA44: 46065 | AB44: 46066 | AC44: 46066 | AI44: 10850 | AN44: =2700+162 -> 2862 | AQ44: 237.5 | BA44: =Q44 -> 14 | BB44: =N44+BA44-1 -> 46071 | BC44: =S44 -> 10 | BD44: =AA44+BC44 -> 46075 | BF44: =VLOOKUP(C44,[1]Sheet!$F:$Q,10,FALSE) -> I | BG44: =VLOOKUP(C44,[1]Sheet!$F:$Q,5,FALSE) -> 89540 | BH44: =VLOOKUP(C44,[1]Sheet!$F:$Q,12,FALSE) -> 0 | BI44: =BG44-BH44 -> 89540
A45: =ROW()-2 -> 43 | B45: BRW | C45: OOCU8433688 | D45: OOCL | E45: Kaidila | F45: MPM | G45: Sorento (Mocha) | H45: Wenli | J45: 46035 | K45: 46044 | L45: 46046 | M45: 46055 | N45: 46059 | Q45: 14 | R45: + | S45: 10 | X45: 46059 | AA45: 46066 | AB45: 46073 | AC45: 46073 | AI45: 10250 | AN45: =2700+162 -> 2862 | AQ45: 208.8 | AU45: =248.89+14.93 -> 263.82 | BA45: =Q45 -> 14 | BB45: =N45+BA45-1 -> 46072 | BC45: =S45 -> 10 | BD45: =AA45+BC45 -> 46076 | BF45: =VLOOKUP(C45,[1]Sheet!$F:$Q,10,FALSE) -> I | BG45: =VLOOKUP(C45,[1]Sheet!$F:$Q,5,FALSE) -> 333004.8 | BH45: =VLOOKUP(C45,[1]Sheet!$F:$Q,12,FALSE) -> 0 | BI45: =BG45-BH45 -> 333004.8
A46: =ROW()-2 -> 44 | B46: DC1 | C46: TEMU7963060 | D46: MSC | E46: Onetouch | F46: MPM | G46: Sorento | H46: Meisidi | I46: 11821+11641+11828+11702+11621+11622+11103+11104+WB101 | J46: 46041 | K46: 46047 | L46: 46049 | M46: 46056 | N46: 46060 | Q46: 21 | R46: + | S46: 0 | X46: 46063 | AA46: 46066 | AB46: 46076 | AC46: 46078 | AI46: 9900 | AL46: 46059 | AM46: 7402.1 | BA46: =Q46 -> 21 | BB46: =N46+BA46-1 -> 46080 | BC46: =S46 -> 0 | BD46: =AA46+BC46 -> 46066 | BF46: =VLOOKUP(C46,[1]Sheet!$F:$Q,10,FALSE) -> I | BG46: =VLOOKUP(C46,[1]Sheet!$F:$Q,5,FALSE) -> 127382.2 | BH46: =VLOOKUP(C46,[1]Sheet!$F:$Q,12,FALSE) -> 0 | BI46: =BG46-BH46 -> 127382.2
A47: =ROW()-2 -> 45 | B47: DC1 | C47: TCNU5307079 | D47: COSCO | E47: J&H | F47: MPM | G47: Sorento | H47: Haihuang+Lanyi | I47: 5163-NL+5164-NL+BD331-UF+SAMPLE CABINET MIRROR | J47: 46042 | K47: 46045 | L47: 46047 | M47: 46059 | N47: 46061 | Q47: 15 | R47: + | S47: 0 | X47: 46066 | AA47: 46072 | AB47: 46074 | AC47: 46076 | AI47: 11250 | AL47: 46062 | AM47: 3768.75 | AN47: =2700+162 -> 2862 | AP47: =160+9.6 -> 169.6 | AQ47: 208.8 | AU47: =51.35+3.08 -> 54.43 | BA47: =Q47 -> 15 | BB47: =N47+BA47-1 -> 46075 | BC47: =S47 -> 0 | BD47: =AA47+BC47 -> 46072 | BF47: =VLOOKUP(C47,[1]Sheet!$F:$Q,10,FALSE) -> I | BG47: =VLOOKUP(C47,[1]Sheet!$F:$Q,5,FALSE) -> 0 | BH47: =VLOOKUP(C47,[1]Sheet!$F:$Q,12,FALSE) -> 0 | BI47: =BG47-BH47 -> 0
A48: =ROW()-2 -> 46 | B48: BRW | C48: CLHU9036290 | D48: MSC | E48: Onetouch | F48: MPM | G48: Sorento (Mocha) | H48: Affanni+Kaixin+Kailu+Caizhou+Chaosheng+IDC+Yacore+Zhongxin+Honor+Hongjie+Sannora+Teca | J48: 46051 | K48: 46055 | L48: 46057 | M48: 46065 | N48: 46065 | Q48: 14 | R48: + | S48: 0 | X48: 46067 | AA48: 46076 | AB48: 46057 | AC48: 46057 | AI48: 12100 | AL48: 46065 | AM48: 41175.85 | AN48: =2700+162 -> 2862 | AQ48: 366.3 | AU48: =458.67+27.52 -> 486.19 | BA48: =Q48 -> 14 | BB48: =N48+BA48-1 -> 46078 | BC48: =S48 -> 0 | BD48: =AA48+BC48 -> 46076 | BF48: =VLOOKUP(C48,[1]Sheet!$F:$Q,10,FALSE) -> I | BG48: =VLOOKUP(C48,[1]Sheet!$F:$Q,5,FALSE) -> 0 | BH48: =VLOOKUP(C48,[1]Sheet!$F:$Q,12,FALSE) -> 0 | BI48: =BG48-BH48 -> 0
A49: =ROW()-2 -> 47 | B49: BRW | C49: CMAU7980832 | D49: CMA | E49: Hongxin | F49: MPM | G49: Sorento | H49: Taiyang | J49: 46047 | K49: 46049 | L49: 46051 | M49: 46059 | N49: 46064 | Q49: 14 | R49: + | S49: 0 | X49: 46072 | AA49: 46076 | AB49: 46077 | AC49: 46077 | AI49: 10200 | AN49: =2700+162 -> 2862 | AP49: 320 | AQ49: 417.5 | AU49: =489.28+29.36 -> 518.64 | BA49: =Q49 -> 14 | BB49: =N49+BA49-1 -> 46077 | BC49: =S49 -> 0 | BD49: =AA49+BC49 -> 46076 | BF49: =VLOOKUP(C49,[1]Sheet!$F:$Q,10,FALSE) -> I | BG49: =VLOOKUP(C49,[1]Sheet!$F:$Q,5,FALSE) -> 771025.6 | BH49: =VLOOKUP(C49,[1]Sheet!$F:$Q,12,FALSE) -> 0 | BI49: =BG49-BH49 -> 771025.6
A50: =ROW()-2 -> 48 | B50: BRW | C50: MSDU6812700 | D50: MSC | E50: Onetouch | F50: MPM | G50: Sorento (Mocha) | H50: Wenli+Jinbaichuan | J50: 46047 | K50: 46048 | L50: 46049 | M50: 46057 | N50: 46067 | Q50: 14 | R50: + | S50: 0 | X50: 46076 | AA50: 46076 | AB50: 46077 | AC50: 46079 | AI50: 10500 | AN50: =2700+162 -> 2862 | AQ50: 366.3 | AU50: =270.98+16.26 -> 287.24 | BA50: =Q50 -> 14 | BB50: =N50+BA50-1 -> 46080 | BC50: =S50 -> 0 | BD50: =AA50+BC50 -> 46076 | BF50: =VLOOKUP(C50,[1]Sheet!$F:$Q,10,FALSE) -> I | BG50: =VLOOKUP(C50,[1]Sheet!$F:$Q,5,FALSE) -> 907 | BH50: =VLOOKUP(C50,[1]Sheet!$F:$Q,12,FALSE) -> 0 | BI50: =BG50-BH50 -> 907
A51: =ROW()-2 -> 49 | B51: MWH | C51: TGBU7475338 | D51: MSC | E51: Kaidila | F51: MPM | G51: Sorento | H51: Meisidi | J51: 46049 | K51: 46055 | L51: 46057 | M51: 46065 | N51: 46065 | Q51: 14 | R51: + | S51: 0 | X51: 46067 | AA51: 46077 | AB51: 46081 | AC51: 46081 | AI51: 9900 | AL51: 46065 | AM51: 8788.3 | AN51: =2700+162 -> 2862 | AQ51: 417.5 | AU51: =105.78+6.35 -> 112.13 | BA51: =Q51 -> 14 | BB51: =N51+BA51-1 -> 46078 | BC51: =S51 -> 0 | BD51: =AA51+BC51 -> 46077 | BF51: =VLOOKUP(C51,[1]Sheet!$F:$Q,10,FALSE) -> I | BG51: =VLOOKUP(C51,[1]Sheet!$F:$Q,5,FALSE) -> 153346.8 | BH51: =VLOOKUP(C51,[1]Sheet!$F:$Q,12,FALSE) -> 0 | BI51: =BG51-BH51 -> 153346.8
A52: =ROW()-2 -> 50 | B52: MWH | C52: OOCU5951929 | D52: OOCL | E52: Onetouch | F52: MPM | G52: Sorento | H52: Sannora+Teca+Flossy | J52: 46037 | K52: 46038 | L52: 46040 | M52: 46048 | N52: 46072 | Q52: 14 | R52: + | S52: 0 | X52: 46077 | AA52: 46078 | AB52: 46080 | AC52: 46081 | AI52: 10000 | AL52: 46076 | AM52: 53672.583 | AN52: =2700+162 -> 2862 | AQ52: 208.8 | AU52: =70.09+4.21 -> 74.3 | BA52: =Q52 -> 14 | BB52: =N52+BA52-1 -> 46085 | BC52: =S52 -> 0 | BD52: =AA52+BC52 -> 46078 | BF52: =VLOOKUP(C52,[1]Sheet!$F:$Q,10,FALSE) -> I | BG52: =VLOOKUP(C52,[1]Sheet!$F:$Q,5,FALSE) -> 45068 | BH52: =VLOOKUP(C52,[1]Sheet!$F:$Q,12,FALSE) -> 0 | BI52: =BG52-BH52 -> 45068
A53: =ROW()-2 -> 51 | B53: DC1 | C53: SEKU6707782 | D53: MSC | E53: Onetouch | F53: MPM | G53: Sorento | H53: Hongjie | J53: 46050 | K53: 46055 | L53: 46057 | M53: 46065 | N53: 46065 | Q53: 14 | R53: + | S53: 14 | X53: 46076 | AA53: 46078 | AB53: 46079 | AC53: 46080 | AI53: 10200 | AL53: 46064 | AM53: 4701.8 | AN53: =2700+162 -> 2862 | AQ53: 452.5 | AU53: =74.74+4.48 -> 79.22 | BA53: =Q53 -> 14 | BB53: =N53+BA53-1 -> 46078 | BC53: =S53 -> 14 | BD53: =AA53+BC53 -> 46092 | BF53: =VLOOKUP(C53,[1]Sheet!$F:$Q,10,FALSE) -> I | BG53: =VLOOKUP(C53,[1]Sheet!$F:$Q,5,FALSE) -> 103041.4 | BH53: =VLOOKUP(C53,[1]Sheet!$F:$Q,12,FALSE) -> 0 | BI53: =BG53-BH53 -> 103041.4
A54: =ROW()-2 -> 52 | B54: PSM | C54: WHSU5329042 | D54: WHL | E54: Haiian | F54: Haiian | G54: Sorento | H54: Jinbaichuan | I54: 604-RL+7604-RL+7405-RL | J54: 46042 | K54: 46046 | L54: 46048 | M54: 46054 | N54: 46058 | Q54: 14 | R54: + | S54: 7 | T54: 46059 | U54: 46063 | X54: 46066 | AA54: 46078 | AB54: 46083 | AC54: 46083 | AI54: 9700 | AN54: =2700+260+500+1000+192 -> 4652 | AP54: =230+1058 -> 1288 | AQ54: =327.5+417.5 -> 745 | BA54: =Q54 -> 14 | BB54: =N54+BA54-1 -> 46071 | BC54: =S54 -> 7 | BD54: =AA54+BC54 -> 46085 | BE54: =AA54+BD54 -> 92163 | BF54: =VLOOKUP(C54,[1]Sheet!$F:$Q,10,FALSE) -> I | BG54: =VLOOKUP(C54,[1]Sheet!$F:$Q,5,FALSE) -> 113734 | BH54: =VLOOKUP(C54,[1]Sheet!$F:$Q,12,FALSE) -> 0 | BI54: =BG54-BH54 -> 113734
A55: =ROW()-2 -> 53 | B55: MWH | C55: WHSU8465546 | D55: WHL | E55: Haiian | F55: Haiian | G55: Sorento | H55: Jinbaichuan | I55: 243 | J55: 46042 | K55: 46046 | L55: 46048 | M55: 46054 | N55: 46058 | Q55: 14 | R55: + | S55: 7 | T55: 46059 | U55: 46063 | X55: 46066 | AA55: 46074 | AB55: 46076 | AC55: 46076 | AI55: =9700+1000 -> 10700 | AN55: =2700+162 -> 2862 | AP55: =230+230 -> 460 | AQ55: =327.5+237.5 -> 565 | BA55: =Q55 -> 14 | BB55: =N55+BA55-1 -> 46071 | BC55: =S55 -> 7 | BD55: =AA55+BC55 -> 46081 | BF55: =VLOOKUP(C55,[1]Sheet!$F:$Q,10,FALSE) -> I | BG55: =VLOOKUP(C55,[1]Sheet!$F:$Q,5,FALSE) -> 68375.07 | BH55: =VLOOKUP(C55,[1]Sheet!$F:$Q,12,FALSE) -> 0 | BI55: =BG55-BH55 -> 68375.07
A56: =ROW()-2 -> 54 | B56: MWH | C56: WHSU8280440 | D56: WHL | E56: Haiian | F56: Haiian | G56: Sorento | H56: Jinbaichuan | I56: 604-RL | J56: 46042 | K56: 46046 | L56: 46048 | M56: 46054 | N56: 46058 | Q56: 14 | R56: + | S56: 7 | T56: 46059 | U56: 46063 | X56: 46066 | AA56: 46074 | AB56: 46076 | AC56: 46077 | AI56: 9700 | AN56: =2700+162 -> 2862 | AP56: =230+230 -> 460 | AQ56: =327.5+237.5 -> 565 | BA56: =Q56 -> 14 | BB56: =N56+BA56-1 -> 46071 | BC56: =S56 -> 7 | BD56: =AA56+BC56 -> 46081 | BF56: =VLOOKUP(C56,[1]Sheet!$F:$Q,10,FALSE) -> I | BG56: =VLOOKUP(C56,[1]Sheet!$F:$Q,5,FALSE) -> 114010 | BH56: =VLOOKUP(C56,[1]Sheet!$F:$Q,12,FALSE) -> 0 | BI56: =BG56-BH56 -> 114010
A57: =ROW()-2 -> 55 | B57: PSM | C57: WHSU5294666 | D57: WHL | E57: Haiian | F57: Haiian | G57: Sorento | H57: Jinbaichuan | I57: 605-RL+243 | J57: 46042 | K57: 46046 | L57: 46048 | M57: 46054 | N57: 46058 | Q57: 14 | R57: + | S57: 7 | T57: 46059 | U57: 46063 | X57: 46066 | AA57: 46076 | AB57: 46079 | AC57: 46083 | AI57: 9700 | AN57: =2700+260+500+192 -> 3652 | AP57: =230+920 -> 1150 | AQ57: =327.5+308.8 -> 636.3 | BA57: =Q57 -> 14 | BB57: =N57+BA57-1 -> 46071 | BC57: =S57 -> 7 | BD57: =AA57+BC57 -> 46083 | BF57: =VLOOKUP(C57,[1]Sheet!$F:$Q,10,FALSE) -> I | BG57: =VLOOKUP(C57,[1]Sheet!$F:$Q,5,FALSE) -> 100507.5 | BH57: =VLOOKUP(C57,[1]Sheet!$F:$Q,12,FALSE) -> 0 | BI57: =BG57-BH57 -> 100507.5
A58: =ROW()-2 -> 56 | B58: PSM | C58: WHSU5801354 | D58: WHL | E58: Haiian | F58: Haiian | G58: Sorento (Full Mocha) | H58: Jinbaichuan | I58: 7605-RL-180+7605-RL-250+7601-RL-250+7601-RL-200+7601-RL-P+7601-RL-300 | J58: 46042 | K58: 46046 | L58: 46048 | M58: 46054 | N58: 46058 | Q58: 14 | R58: + | S58: 7 | T58: 46059 | U58: 46063 | X58: 46066 | AA58: 46073 | AB58: 46077 | AC58: 46077 | AI58: 9700 | AN58: =2700+260+500+192 -> 3652 | AP58: =230+230 -> 460 | AQ58: =327.5+237.5 -> 565 | BA58: =Q58 -> 14 | BB58: =N58+BA58-1 -> 46071 | BC58: =S58 -> 7 | BD58: =AA58+BC58 -> 46080 | BF58: =VLOOKUP(C58,[1]Sheet!$F:$Q,10,FALSE) -> #N/A | BG58: =VLOOKUP(C58,[1]Sheet!$F:$Q,5,FALSE) -> #N/A | BH58: =VLOOKUP(C58,[1]Sheet!$F:$Q,12,FALSE) -> #N/A | BI58: =BG58-BH58 -> #N/A
A59: =ROW()-2 -> 57 | B59: PSM | C59: GCXU6239762 | D59: WHL | E59: Haiian | F59: Haiian | G59: Sorento (Full Mocha) | H59: Jinbaichuan | I59: 7625-SH-P+7625-SH-S10 | J59: 46042 | K59: 46046 | L59: 46048 | M59: 46054 | N59: 46058 | Q59: 14 | R59: + | S59: 7 | T59: 46059 | U59: 46063 | X59: 46066 | AA59: 46073 | AB59: 46078 | AC59: 46079 | AI59: 9700 | AN59: =2700+260+500+192 -> 3652 | AP59: =230+230 -> 460 | AQ59: =327.5+198.8 -> 526.3 | BA59: =Q59 -> 14 | BB59: =N59+BA59-1 -> 46071 | BC59: =S59 -> 7 | BD59: =AA59+BC59 -> 46080 | BF59: =VLOOKUP(C59,[1]Sheet!$F:$Q,10,FALSE) -> #N/A | BG59: =VLOOKUP(C59,[1]Sheet!$F:$Q,5,FALSE) -> #N/A | BH59: =VLOOKUP(C59,[1]Sheet!$F:$Q,12,FALSE) -> #N/A | BI59: =BG59-BH59 -> #N/A
A60: =ROW()-2 -> 58 | B60: BRW | C60: WBPU7000218 | D60: IAA | E60: Haiian | F60: Haiian | G60: Sorento (Mocha) | H60: Jiexia | I60: 8036-SH+8036-SH-P+MWC7623-SH-S8+MWC7623-SH-6+MWC7623-SH-P+8840-S-RL+8036-SC-UF | J60: 46029 | K60: 46032 | L60: 46034 | M60: 46042 | N60: 46050 | Q60: 14 | R60: + | S60: 7 | T60: 46056 | U60: 46059 | X60: 46093 | AA60: 46067 | AB60: 46071 | AC60: 46072 | AI60: =10400+1650 -> 12050 | AN60: =2700+500+260+192 -> 3652 | AQ60: 452.5 | AR60: 550 | AU60: =373.39+22.4 -> 395.79 | BA60: =Q60 -> 14 | BB60: =N60+BA60-1 -> 46063 | BC60: =S60 -> 7 | BD60: =AA60+BC60 -> 46074 | BE60: =AA60+BD60 -> 92141 | BF60: =VLOOKUP(C60,[1]Sheet!$F:$Q,10,FALSE) -> I | BG60: =VLOOKUP(C60,[1]Sheet!$F:$Q,5,FALSE) -> 55873 | BH60: =VLOOKUP(C60,[1]Sheet!$F:$Q,12,FALSE) -> 0 | BI60: =BG60-BH60 -> 55873
A61: =ROW()-2 -> 59 | B61: DC1 | C61: IAAU1949320 | D61: IAA | E61: Haiian | F61: Haiian | G61: Sorento | H61: Jiexia | I61: 8036-SH+8036-H-150+8036-SH-200+8088-S-UF-RL+5541-RL+8804-S-RL | J61: 46029 | K61: 46032 | L61: 46034 | M61: 46042 | N61: 46050 | Q61: 14 | R61: + | S61: 7 | T61: 46056 | U61: 46059 | X61: 46093 | AA61: 46071 | AB61: 46073 | AC61: 46074 | AI61: =10400+1650 -> 12050 | AN61: =2700+162 -> 2862 | AQ61: 452.5 | AR61: 170 | BA61: =Q61 -> 14 | BB61: =N61+BA61-1 -> 46063 | BC61: =S61 -> 7 | BD61: =AA61+BC61 -> 46078 | BE61: =AA61+BD61 -> 92149 | BF61: =VLOOKUP(C61,[1]Sheet!$F:$Q,10,FALSE) -> I | BG61: =VLOOKUP(C61,[1]Sheet!$F:$Q,5,FALSE) -> 119927 | BH61: =VLOOKUP(C61,[1]Sheet!$F:$Q,12,FALSE) -> 0 | BI61: =BG61-BH61 -> 119927
A62: =ROW()-2 -> 60 | B62: PSM | C62: IAAU1000550 | D62: IAA | E62: Haiian | F62: Haiian | G62: Sorento | H62: Jiexia | I62: 8840-S-RL | J62: 46029 | K62: 46032 | L62: 46034 | M62: 46042 | N62: 46050 | Q62: 14 | R62: + | S62: 7 | T62: 46056 | U62: 46059 | X62: 46093 | AA62: 46068 | AB62: 46072 | AC62: 46073 | AI62: =10400+1650 -> 12050 | AN62: =2700+500+1000+260+192 -> 4652 | AQ62: 491.3 | BA62: =Q62 -> 14 | BB62: =N62+BA62-1 -> 46063 | BC62: =S62 -> 7 | BD62: =AA62+BC62 -> 46075 | BF62: =VLOOKUP(C62,[1]Sheet!$F:$Q,10,FALSE) -> I | BG62: =VLOOKUP(C62,[1]Sheet!$F:$Q,5,FALSE) -> 121326 | BH62: =VLOOKUP(C62,[1]Sheet!$F:$Q,12,FALSE) -> 0 | BI62: =BG62-BH62 -> 121326
A63: =ROW()-2 -> 61 | B63: PSM | C63: TLLU8132801 | D63: IAA | E63: Haiian | F63: Haiian | G63: Sorento | H63: Jiexia | I63: 8840-S-RL | J63: 46029 | K63: 46032 | L63: 46034 | M63: 46042 | N63: 46050 | Q63: 14 | R63: + | S63: 7 | T63: 46056 | U63: 46059 | X63: 46093 | AA63: 46068 | AB63: 46074 | AC63: 46076 | AI63: =10400+1650 -> 12050 | AN63: =2700+162 -> 2862 | AQ63: 452.5 | BA63: =Q63 -> 14 | BB63: =N63+BA63-1 -> 46063 | BC63: =S63 -> 7 | BD63: =AA63+BC63 -> 46075 | BF63: =VLOOKUP(C63,[1]Sheet!$F:$Q,10,FALSE) -> I | BG63: =VLOOKUP(C63,[1]Sheet!$F:$Q,5,FALSE) -> 122194.01 | BH63: =VLOOKUP(C63,[1]Sheet!$F:$Q,12,FALSE) -> 0 | BI63: =BG63-BH63 -> 122194.01
A64: =ROW()-2 -> 62 | B64: DC1 | C64: XYLU8202494 | D64: HEDE | E64: Onetouch | F64: Sataka | G64: Sorento | H64: Yanggang | I64: 6045+6547-BL+6547+6545-BL+6047-BL-NEW+7547-BL-NEW+7547-NEW+7010+2405 | J64: 46046 | K64: 46047 | L64: 46049 | M64: 46056 | N64: 46055 | Q64: 21 | R64: + | S64: 0 | X64: 46059 | AA64: 46067 | AB64: 46073 | AC64: 46073 | AI64: 10000 | AN64: 2750 | AQ64: 452.5 | BA64: =Q64 -> 21 | BB64: =N64+BA64-1 -> 46075 | BC64: =S64 -> 0 | BD64: =AA64+BC64 -> 46067 | BF64: =VLOOKUP(C64,[1]Sheet!$F:$Q,10,FALSE) -> I | BG64: =VLOOKUP(C64,[1]Sheet!$F:$Q,5,FALSE) -> 165076 | BH64: =VLOOKUP(C64,[1]Sheet!$F:$Q,12,FALSE) -> 0 | BI64: =BG64-BH64 -> 165076
A65: =ROW()-2 -> 63 | B65: BRW | C65: SEKU6599034 | D65: HEDE | E65: Onetouch | F65: Sataka | G65: Sorento | H65: Yanggang | I65: 821+7061+6547-BL+6547+901+6042-BL+6047-BL-NEW+6047-NEW+7547-BL-NEW+7547-NEW+7010+2406+BK102-NL+BK101-NL-BL+317-NG+5045-NG+2432 | J65: 46046 | K65: 46047 | L65: 46049 | M65: 46056 | N65: 46055 | Q65: 21 | R65: + | S65: 0 | X65: 46059 | AA65: 46067 | AB65: 46071 | AC65: 46072 | AI65: 10000 | AN65: 2700 | AQ65: 452.5 | BA65: =Q65 -> 21 | BB65: =N65+BA65-1 -> 46075 | BC65: =S65 -> 0 | BD65: =AA65+BC65 -> 46067 | BF65: =VLOOKUP(C65,[1]Sheet!$F:$Q,10,FALSE) -> I | BG65: =VLOOKUP(C65,[1]Sheet!$F:$Q,5,FALSE) -> 176838 | BH65: =VLOOKUP(C65,[1]Sheet!$F:$Q,12,FALSE) -> 0 | BI65: =BG65-BH65 -> 176838
A66: =ROW()-2 -> 64 | B66: DC1 | C66: SELU4251704 | D66: HEDE | E66: Onetouch | F66: Sataka | G66: Sorento | H66: Yanggang | I66: 8835-BL+8835+6245-BL+6091+7061+6547-BL+6547+901+6042-BL+6047-BL-NEW+7547-BL-NEW+757-NEW+7010+2406+303+304+315+2432+2432-BL+8047-BL-NEW+8047-NEW+2434-BL+2433-BL | J66: 46046 | K66: 46047 | L66: 46049 | M66: 46056 | N66: 46055 | Q66: 21 | R66: + | S66: 0 | X66: 46059 | AA66: 46067 | AB66: 46076 | AC66: 46078 | AI66: 10000 | AN66: 2750 | AQ66: 452.5 | AR66: 450 | BA66: =Q66 -> 21 | BB66: =N66+BA66-1 -> 46075 | BC66: =S66 -> 0 | BD66: =AA66+BC66 -> 46067 | BF66: =VLOOKUP(C66,[1]Sheet!$F:$Q,10,FALSE) -> I | BG66: =VLOOKUP(C66,[1]Sheet!$F:$Q,5,FALSE) -> 174081.5 | BH66: =VLOOKUP(C66,[1]Sheet!$F:$Q,12,FALSE) -> 0 | BI66: =BG66-BH66 -> 174081.5
A67: =ROW()-2 -> 65 | B67: BRW | C67: TEMU6973362 | D67: CMA | E67: Hongxin | F67: MPM | G67: Sorento (Mocha) | H67: Taiyang | J67: 46034 | K67: 46035 | L67: 46037 | M67: 46048 | N67: 46071 | Q67: 14 | R67: + | S67: 0 | X67: 46077 | AA67: 46079 | AB67: 46083 | AC67: 46083 | AI67: 10400 | AN67: =2700+162 -> 2862 | AQ67: 265 | AU67: =388.86+23.33 -> 412.19 | BA67: =Q67 -> 14 | BB67: =N67+BA67-1 -> 46084 | BC67: =S67 -> 0 | BD67: =AA67+BC67 -> 46079 | BF67: =VLOOKUP(C67,[1]Sheet!$F:$Q,10,FALSE) -> I | BG67: =VLOOKUP(C67,[1]Sheet!$F:$Q,5,FALSE) -> 370887 | BH67: =VLOOKUP(C67,[1]Sheet!$F:$Q,12,FALSE) -> 0 | BI67: =BG67-BH67 -> 370887
A68: =ROW()-2 -> 66 | B68: BRW | C68: CAIU9702709 | D68: CMA | E68: Hongxin | F68: MPM | G68: Sorento | H68: Taiyang | J68: 46034 | K68: 46035 | L68: 46037 | M68: 46048 | N68: 46071 | Q68: 14 | R68: + | S68: 0 | X68: 46077 | AA68: 46079 | AB68: 46081 | AC68: 46081 | AI68: 10400 | AN68: =2700+162 -> 2862 | AQ68: 265 | AU68: =423.01+25.38 -> 448.39 | BA68: =Q68 -> 14 | BB68: =N68+BA68-1 -> 46084 | BC68: =S68 -> 0 | BD68: =AA68+BC68 -> 46079 | BF68: =VLOOKUP(C68,[1]Sheet!$F:$Q,10,FALSE) -> I | BG68: =VLOOKUP(C68,[1]Sheet!$F:$Q,5,FALSE) -> 646124.4 | BH68: =VLOOKUP(C68,[1]Sheet!$F:$Q,12,FALSE) -> 0 | BI68: =BG68-BH68 -> 646124.4
A69: =ROW()-2 -> 67 | B69: PSM | C69: OOCU8563676 | D69: OOCL | E69: Kaidila | F69: MPM | G69: Sorento (Full Mocha) | H69: Gaode | J69: 46045 | K69: 46051 | L69: 46054 | M69: 46060 | N69: 46061 | Q69: 14 | R69: + | S69: 10 | T69: 46065 | U69: 46069 | X69: 46080 | AA69: 46083 | AB69: 46085 | AC69: 46085 | AI69: 9300 | AN69: =2700+700+500+192 -> 4092 | AO69: 3200 | AP69: =1395+83.7 -> 1478.7 | AQ69: 933.2 | AU69: =133.52+8.01 -> 141.53 | BA69: =Q69 -> 14 | BB69: =N69+BA69-1 -> 46074 | BC69: =S69 -> 10 | BD69: =AA69+BC69 -> 46093 | BF69: =VLOOKUP(C69,[1]Sheet!$F:$Q,10,FALSE) -> #N/A | BG69: =VLOOKUP(C69,[1]Sheet!$F:$Q,5,FALSE) -> #N/A | BH69: =VLOOKUP(C69,[1]Sheet!$F:$Q,12,FALSE) -> #N/A | BI69: =BG69-BH69 -> #N/A
A70: =ROW()-2 -> 68 | B70: MWH | C70: CSNU8681359 | D70: OOCL | E70: Kaidila | F70: MPM | G70: Sorento (Mocha) | H70: Gaode | J70: 46045 | K70: 46051 | L70: 46054 | M70: 46060 | N70: 46061 | Q70: 14 | R70: + | S70: 10 | T70: 46065 | U70: 46069 | X70: 46080 | AA70: 46084 | AB70: 46085 | AC70: 46085 | AI70: =9300+1000 -> 10300 | AL70: 46076 | AM70: 93755.617 | AN70: =2700+700+500+1000+63.6+192 -> 5155.6 | AP70: =1550+93 -> 1643 | AQ70: 933.2 | BA70: =Q70 -> 14 | BB70: =N70+BA70-1 -> 46074 | BC70: =S70 -> 10 | BD70: =AA70+BC70 -> 46094 | BF70: =VLOOKUP(C70,[1]Sheet!$F:$Q,10,FALSE) -> I | BG70: =VLOOKUP(C70,[1]Sheet!$F:$Q,5,FALSE) -> 19760 | BH70: =VLOOKUP(C70,[1]Sheet!$F:$Q,12,FALSE) -> 0 | BI70: =BG70-BH70 -> 19760
A71: =ROW()-2 -> 69 | B71: MWH | C71: CSNU7052990 | D71: OOCL | E71: Kaidila | F71: MPM | G71: Sorento (Mocha) | H71: Muchen | I71: 11412+6083-BL+11413-MBL+11713+66636+MBF99002 | J71: 46047 | K71: 46049 | L71: 46051 | M71: 46059 | N71: 46076 | Q71: 14 | R71: + | S71: 10 | X71: 46076 | AA71: 46084 | AB71: 46086 | AC71: 46087 | AI71: 10250 | AN71: =2700+162 -> 2862 | AQ71: 265 | AU71: =72.68+4.36 -> 77.04 | BA71: =Q71 -> 14 | BB71: =N71+BA71-1 -> 46089 | BC71: =S71 -> 10 | BD71: =AA71+BC71 -> 46094 | BF71: =VLOOKUP(C71,[1]Sheet!$F:$Q,10,FALSE) -> I | BG71: =VLOOKUP(C71,[1]Sheet!$F:$Q,5,FALSE) -> 96223 | BH71: =VLOOKUP(C71,[1]Sheet!$F:$Q,12,FALSE) -> 0 | BI71: =BG71-BH71 -> 96223
A72: =ROW()-2 -> 70 | B72: BRW | C72: OOCU5961697 | D72: OOCL | E72: Onetouch | F72: MPM | G72: Sorento (Mocha) | H72: Afanni+Kailu+Kaixin+Caizhou+Chaosheng+IDC+Simple+Zhongxin+Yacore+Bravat | J72: 46038 | K72: 46040 | L72: 46042 | M72: 46050 | N72: 46072 | Q72: 14 | R72: + | S72: 14 | X72: 46084 | AA72: 46085 | AB72: 46086 | AC72: 46086 | AI72: 10450 | AL72: 46076 | AM72: 572464.56 | AN72: =2700+162 -> 2862 | AQ72: 452.5 | AU72: =645.65+38.74 -> 684.39 | BA72: =Q72 -> 14 | BB72: =N72+BA72-1 -> 46085 | BC72: =S72 -> 14 | BD72: =AA72+BC72 -> 46099 | BF72: =VLOOKUP(C72,[1]Sheet!$F:$Q,10,FALSE) -> I | BG72: =VLOOKUP(C72,[1]Sheet!$F:$Q,5,FALSE) -> 9656 | BH72: =VLOOKUP(C72,[1]Sheet!$F:$Q,12,FALSE) -> 0 | BI72: =BG72-BH72 -> 9656
A73: =ROW()-2 -> 71 | B73: BRW | C73: OOCU5956031 | D73: OOCL | E73: Onetouch | F73: MPM | G73: Sorento | H73: Hongjie | J73: 46037 | K73: 46038 | L73: 46040 | M73: 46048 | N73: 46072 | Q73: 14 | R73: + | S73: 14 | X73: 46084 | AA73: 46085 | AB73: 46086 | AC73: 46086 | AI73: 9900 | AL73: 46076 | AM73: 89034.084 | AN73: =2700+162 -> 2862 | AQ73: 491.3 | AU73: =109.68+6.58 -> 116.26 | BA73: =Q73 -> 14 | BB73: =N73+BA73-1 -> 46085 | BC73: =S73 -> 14 | BD73: =AA73+BC73 -> 46099 | BF73: =VLOOKUP(C73,[1]Sheet!$F:$Q,10,FALSE) -> I | BG73: =VLOOKUP(C73,[1]Sheet!$F:$Q,5,FALSE) -> 155572.4 | BH73: =VLOOKUP(C73,[1]Sheet!$F:$Q,12,FALSE) -> 0 | BI73: =BG73-BH73 -> 155572.4
A74: =ROW()-2 -> 72 | B74: BRW | C74: ECMU4980549 | D74: CMA | E74: Hongxin | F74: MPM | G74: Sorento (Mocha) | H74: Taiyang | J74: 46059 | K74: 46061 | L74: 46063 | M74: 46075 | N74: 46078 | Q74: 14 | R74: + | S74: 0 | X74: 46086 | AA74: 46086 | AC74: 46091 | AI74: 9900 | AN74: =2700+162 -> 2862 | AQ74: 265 | AU74: =518.39+31.1 -> 549.49 | BA74: =Q74 -> 14 | BB74: =N74+BA74-1 -> 46091 | BC74: =S74 -> 0 | BD74: =AA74+BC74 -> 46086 | BF74: =VLOOKUP(C74,[1]Sheet!$F:$Q,10,FALSE) -> I | BG74: =VLOOKUP(C74,[1]Sheet!$F:$Q,5,FALSE) -> 741905 | BH74: =VLOOKUP(C74,[1]Sheet!$F:$Q,12,FALSE) -> 0 | BI74: =BG74-BH74 -> 741905
A75: =ROW()-2 -> 73 | B75: MWH | C75: TRHU8828768 | D75: TCLC | E75: Haiian | F75: Haiian | G75: Sorento | H75: Dafuyuan | I75: 6201+668+7099+7100+8066-S-MBL+8066-S150+8066-P-8066-S+8319-P-RL+7604-RL SAMPLE | J75: 46036 | K75: 46043 | L75: 46045 | M75: 46052 | N75: 46051 | Q75: 21 | R75: + | S75: 0 | T75: 46057 | U75: 46084 | X75: 46086 | AA75: 46086 | AB75: 46087 | AC75: 46088 | AI75: 9700 | AN75: =2700+500+700+192 -> 4092 | AP75: 19200 | AQ75: =1686+470.5 -> 2156.5 | AU75: =471.66+28.3 -> 499.96 | BA75: =Q75 -> 21 | BB75: =N75+BA75-1 -> 46071 | BC75: =S75 -> 0 | BD75: =AA75+BC75 -> 46086 | BF75: =VLOOKUP(C75,[1]Sheet!$F:$Q,10,FALSE) -> I | BG75: =VLOOKUP(C75,[1]Sheet!$F:$Q,5,FALSE) -> 154666 | BH75: =VLOOKUP(C75,[1]Sheet!$F:$Q,12,FALSE) -> 0 | BI75: =BG75-BH75 -> 154666
A76: =ROW()-2 -> 74 | B76: PSM | C76: FDCU0289418 | D76: TCLC | E76: Haiian | F76: Haiian | G76: Sorento | H76: Dafuyuan | I76: 8317-RL-WEPLS | J76: 46036 | K76: 46043 | L76: 46045 | M76: 46052 | N76: 46051 | Q76: 21 | R76: + | S76: 0 | T76: 46057 | U76: 46084 | X76: 46086 | AA76: 46086 | AB76: 46087 | AC76: 46088 | AI76: 9700 | AN76: =2700+500+700+192 -> 4092 | AQ76: =1686+564.6 -> 2250.6 | BA76: =Q76 -> 21 | BB76: =N76+BA76-1 -> 46071 | BC76: =S76 -> 0 | BD76: =AA76+BC76 -> 46086 | BF76: =VLOOKUP(C76,[1]Sheet!$F:$Q,10,FALSE) -> I | BG76: =VLOOKUP(C76,[1]Sheet!$F:$Q,5,FALSE) -> 96004.98 | BH76: =VLOOKUP(C76,[1]Sheet!$F:$Q,12,FALSE) -> 0 | BI76: =BG76-BH76 -> 96004.98
A77: =ROW()-2 -> 75 | B77: MWH | C77: RXTU4576882 | D77: TCLC | E77: Haiian | F77: Haiian | G77: Sorento | H77: Dafuyuan | I77: 7604-S-RL-WEPLS+7604-P-RL+8605-RL | J77: 46036 | K77: 46043 | L77: 46045 | M77: 46052 | N77: 46051 | Q77: 21 | R77: + | S77: 0 | T77: 46057 | U77: 46084 | X77: 46086 | AA77: 46087 | AB77: 46088 | AC77: 46089 | AI77: 9700 | AN77: =2700+500+1000+700+192 -> 5092 | AQ77: =1686+564.6 -> 2250.6 | BA77: =Q77 -> 21 | BB77: =N77+BA77-1 -> 46071 | BC77: =S77 -> 0 | BD77: =AA77+BC77 -> 46087 | BF77: =VLOOKUP(C77,[1]Sheet!$F:$Q,10,FALSE) -> I | BG77: =VLOOKUP(C77,[1]Sheet!$F:$Q,5,FALSE) -> 111436 | BH77: =VLOOKUP(C77,[1]Sheet!$F:$Q,12,FALSE) -> 0 | BI77: =BG77-BH77 -> 111436
A78: =ROW()-2 -> 76 | B78: MWH | C78: CIMU0453739 | D78: TCLC | E78: Haiian | F78: Haiian | G78: Sorento | H78: Dafuyuan | I78: 7249+888-A+22589+7055+1515+1515+NH+7292+5400+318-RL-S200-N+8318-RL-N+8317-RL | J78: 46036 | K78: 46043 | L78: 46045 | M78: 46052 | N78: 46051 | Q78: 21 | R78: + | S78: 0 | T78: 46057 | U78: 46084 | X78: 46086 | AA78: 46088 | AB78: 46089 | AC78: 46089 | AI78: 9700 | AN78: =2700+500+700+192 -> 4092 | AQ78: =1686+564.6 -> 2250.6 | BA78: =Q78 -> 21 | BB78: =N78+BA78-1 -> 46071 | BC78: =S78 -> 0 | BD78: =AA78+BC78 -> 46088 | BF78: =VLOOKUP(C78,[1]Sheet!$F:$Q,10,FALSE) -> I | BG78: =VLOOKUP(C78,[1]Sheet!$F:$Q,5,FALSE) -> 115445 | BH78: =VLOOKUP(C78,[1]Sheet!$F:$Q,12,FALSE) -> 0 | BI78: =BG78-BH78 -> 115445
A79: =ROW()-2 -> 77 | B79: MWH | C79: CIMU0913285 | D79: TCLC | E79: Haiian | F79: Haiian | G79: Sorento | H79: Dafuyuan | I79: 5400+8608-RL | J79: 46036 | K79: 46043 | L79: 46045 | M79: 46052 | N79: 46051 | Q79: 21 | R79: + | S79: 0 | T79: 46057 | U79: 46084 | X79: 46086 | AA79: 46087 | AB79: 46088 | AC79: 46089 | AI79: 9700 | AN79: =2700+500+1000+700+192 -> 5092 | AQ79: =1686+564.6 -> 2250.6 | BA79: =Q79 -> 21 | BB79: =N79+BA79-1 -> 46071 | BC79: =S79 -> 0 | BD79: =AA79+BC79 -> 46087 | BF79: =VLOOKUP(C79,[1]Sheet!$F:$Q,10,FALSE) -> I | BG79: =VLOOKUP(C79,[1]Sheet!$F:$Q,5,FALSE) -> 122250 | BH79: =VLOOKUP(C79,[1]Sheet!$F:$Q,12,FALSE) -> 0 | BI79: =BG79-BH79 -> 122250
A80: =ROW()-2 -> 78 | B80: BRW | C80: TGBU8560579 | D80: COSCO | E80: Haiian | F80: Haiian | G80: Sorento | H80: Lanyi | I80: 8517-SH-8517-SH-UF-200+8517-SH-UF-150+7624-RL-200 | J80: 46037 | K80: 46039 | L80: 46041 | M80: 46048 | N80: 46056 | Q80: 21 | R80: + | S80: 0 | T80: 46062 | U80: 46084 | X80: 46086 | AA80: 46087 | AB80: 46088 | AC80: 46088 | AI80: =9900+300 -> 10200 | AN80: =2700+700+500+192 -> 4092 | AP80: 16120 | AQ80: 1780.1 | AU80: =455.96+27.36 -> 483.32 | BA80: =Q80 -> 21 | BB80: =N80+BA80-1 -> 46076 | BC80: =S80 -> 0 | BD80: =AA80+BC80 -> 46087 | BF80: =VLOOKUP(C80,[1]Sheet!$F:$Q,10,FALSE) -> I | BG80: =VLOOKUP(C80,[1]Sheet!$F:$Q,5,FALSE) -> 112076 | BH80: =VLOOKUP(C80,[1]Sheet!$F:$Q,12,FALSE) -> 0 | BI80: =BG80-BH80 -> 112076
A81: =ROW()-2 -> 79 | B81: MWH | C81: FFAU3149639 | D81: COSCO | E81: Haiian | F81: Haiian | G81: Sorento | H81: Lanyi | I81: 8518-SH+8518-SH-P+8518-SH-200+1514 | J81: 46037 | K81: 46039 | L81: 46041 | M81: 46048 | N81: 46056 | Q81: 21 | R81: + | S81: 0 | T81: 46062 | U81: 46084 | X81: 46086 | AA81: 46088 | AB81: 46090 | AC81: 46090 | AI81: =9900+300 -> 10200 | AN81: =2700+500+700+192 -> 4092 | AQ81: 1780.1 | BA81: =Q81 -> 21 | BB81: =N81+BA81-1 -> 46076 | BC81: =S81 -> 0 | BD81: =AA81+BC81 -> 46088 | BF81: =VLOOKUP(C81,[1]Sheet!$F:$Q,10,FALSE) -> I | BG81: =VLOOKUP(C81,[1]Sheet!$F:$Q,5,FALSE) -> 123967 | BH81: =VLOOKUP(C81,[1]Sheet!$F:$Q,12,FALSE) -> 0 | BI81: =BG81-BH81 -> 123967
A82: =ROW()-2 -> 80 | B82: MWH | C82: CSLU6293948 | D82: COSCO | E82: Haiian | F82: Haiian | G82: Sorento (Full Mocha) | H82: Lanyi | I82: 7630-SH-S10+7630-SH-S12+7630-SH-S8+7023+7024+7045+7042-BL+7049-BL+7049-WH+7624+7627+7752-RG+7762-WH+8052+7022-MG+7022-MK+5202+206+6503+7042+MPW700-MK | J82: 46037 | K82: 46039 | L82: 46041 | M82: 46048 | N82: 46056 | Q82: 21 | R82: + | S82: 0 | T82: 46062 | U82: 46084 | X82: 46086 | AA82: 46088 | AB82: 46091 | AC82: 46091 | AI82: =9900+300 -> 10200 | AN82: =2700+2000+500+700+192 -> 6092 | AQ82: 1780.1 | BA82: =Q82 -> 21 | BB82: =N82+BA82-1 -> 46076 | BC82: =S82 -> 0 | BD82: =AA82+BC82 -> 46088 | BF82: =VLOOKUP(C82,[1]Sheet!$F:$Q,10,FALSE) -> #N/A | BG82: =VLOOKUP(C82,[1]Sheet!$F:$Q,5,FALSE) -> #N/A | BH82: =VLOOKUP(C82,[1]Sheet!$F:$Q,12,FALSE) -> #N/A | BI82: =BG82-BH82 -> #N/A
A83: =ROW()-2 -> 81 | B83: BRW | C83: OOCU8052130 | D83: COSCO | E83: Haiian | F83: Haiian | G83: Sorento | H83: Lanyi | I83: 7603-SH-200+7603-SH+8517-SH+8517-SH-UF-200+8517-SH-UF-150+1219+1409-CB+1411-CB+1086+7049-WH+7050-WH+1413-RW+1516-RG+8013+9012-MW+9014-MG+1086-GY+1411-BL+5202+5203+5213-BI+904-BI+206+145+8345+7646+1514 | J83: 46037 | K83: 46039 | L83: 46041 | M83: 46048 | N83: 46056 | Q83: 21 | R83: + | S83: 0 | T83: 46062 | U83: 46084 | X83: 46086 | AA83: 46088 | AB83: 46091 | AC83: 46092 | AI83: =9900+300 -> 10200 | AN83: =2700+500+700+192 -> 4092 | AQ83: 1780.1 | BA83: =Q83 -> 21 | BB83: =N83+BA83-1 -> 46076 | BC83: =S83 -> 0 | BD83: =AA83+BC83 -> 46088 | BF83: =VLOOKUP(C83,[1]Sheet!$F:$Q,10,FALSE) -> I | BG83: =VLOOKUP(C83,[1]Sheet!$F:$Q,5,FALSE) -> 146085 | BH83: =VLOOKUP(C83,[1]Sheet!$F:$Q,12,FALSE) -> 0 | BI83: =BG83-BH83 -> 146085
A84: =ROW()-2 -> 82 | B84: PSM | C84: TIIU5924001 | D84: COSCO | E84: Haiian | F84: Haiian | G84: Sorento (Full Mocha) | H84: Lanyi | I84: MWC7624-RL-S10+MWC7624-RL-S8 | J84: 46037 | K84: 46039 | L84: 46041 | M84: 46048 | N84: 46056 | Q84: 21 | R84: + | S84: 0 | T84: 46062 | U84: 46084 | X84: 46086 | AA84: 46090 | AB84: 46091 | AC84: 46092 | AI84: =9900+300 -> 10200 | AN84: =2700+700+500+192 -> 4092 | AQ84: 1780.1 | BA84: =Q84 -> 21 | BB84: =N84+BA84-1 -> 46076 | BC84: =S84 -> 0 | BD84: =AA84+BC84 -> 46090 | BF84: =VLOOKUP(C84,[1]Sheet!$F:$Q,10,FALSE) -> #N/A | BG84: =VLOOKUP(C84,[1]Sheet!$F:$Q,5,FALSE) -> #N/A | BH84: =VLOOKUP(C84,[1]Sheet!$F:$Q,12,FALSE) -> #N/A | BI84: =BG84-BH84 -> #N/A
A85: =ROW()-2 -> 83 | B85: BRW | C85: MSCU5475129 | D85: MSC | E85: Onetouch | F85: MPM | G85: Sorento (Mocha) | H85: Lanyi+Wenli+Nat+Jiexia | J85: 46057 | K85: 46059 | L85: 46061 | M85: 46071 | N85: 46083 | Q85: 21 | R85: + | S85: 0 | X85: 46083 | AA85: 46090 | AB85: 46092 | AC85: 46092 | AI85: 10250 | AN85: =2700+162 -> 2862 | AQ85: 237.5 | AU85: =117.01+7.02 -> 124.03 | BA85: =Q85 -> 21 | BB85: =N85+BA85-1 -> 46103 | BC85: =S85 -> 0 | BD85: =AA85+BC85 -> 46090 | BF85: =VLOOKUP(C85,[1]Sheet!$F:$Q,10,FALSE) -> I | BG85: =VLOOKUP(C85,[1]Sheet!$F:$Q,5,FALSE) -> 19552 | BH85: =VLOOKUP(C85,[1]Sheet!$F:$Q,12,FALSE) -> 0 | BI85: =BG85-BH85 -> 19552
A86: =ROW()-2 -> 84 | B86: MWH | C86: CSNU5782005 | D86: COSCO | E86: J&H | F86: MPM | G86: Sorento | H86: Muchen | J86: 46058 | K86: 46062 | L86: 46064 | M86: 46074 | N86: 46078 | Q86: 21 | R86: + | S86: 0 | X86: 46083 | AA86: 46091 | AB86: 46092 | AC86: 46092 | AI86: 10100 | AN86: =2700+162 -> 2862 | AQ86: 491.3 | AU86: =51.3+3.08 -> 54.38 | BA86: =Q86 -> 21 | BB86: =N86+BA86-1 -> 46098 | BC86: =S86 -> 0 | BD86: =AA86+BC86 -> 46091 | BF86: =VLOOKUP(C86,[1]Sheet!$F:$Q,10,FALSE) -> I | BG86: =VLOOKUP(C86,[1]Sheet!$F:$Q,5,FALSE) -> 66716.6 | BH86: =VLOOKUP(C86,[1]Sheet!$F:$Q,12,FALSE) -> 0 | BI86: =BG86-BH86 -> 66716.6
A87: =ROW()-2 -> 85 | B87: MWH | C87: SELU4254581 | D87: OOCL | E87: Kaidila | F87: MPM | G87: Sorento | H87: Dafuyuan | I87: 7249+888+7292+1515-FG+1515-NH+7055+6201+6503-BI+6006-RL-UF+6031-SH-UF+5300+5400+8613-RL | J87: 46028 | K87: 46039 | L87: 46041 | M87: 46047 | N87: 46072 | Q87: 14 | R87: + | S87: 10 | T87: 46077 | U87: 46078 | X87: 46091 | AA87: 46092 | AB87: 46093 | AC87: 46093 | AI87: 10100 | AN87: =2700+700+500+1000+159+192 -> 5251 | AP87: =1085+65.1 -> 1150.1 | AQ87: 745 | AU87: =564.21+33.85 -> 598.06 | BA87: =Q87 -> 14 | BB87: =N87+BA87-1 -> 46085 | BC87: =S87 -> 10 | BD87: =AA87+BC87 -> 46102 | BF87: =VLOOKUP(C87,[1]Sheet!$F:$Q,10,FALSE) -> I | BG87: =VLOOKUP(C87,[1]Sheet!$F:$Q,5,FALSE) -> 125490.62 | BH87: =VLOOKUP(C87,[1]Sheet!$F:$Q,12,FALSE) -> 0 | BI87: =BG87-BH87 -> 125490.62
A88: =ROW()-2 -> 86 | B88: BRW | C88: OOCU7230032 | D88: OOCL | E88: Kaidila | F88: MPM | G88: Sorento | H88: Dafuyuan | I88: 8605-RL+7604-P-RL+7604-S-RL+604-S-RL+8613-RL | J88: 46028 | K88: 46039 | L88: 46041 | M88: 46047 | N88: 46072 | Q88: 14 | R88: + | S88: 10 | T88: 46077 | U88: 46078 | X88: 46091 | AA88: 46092 | AB88: 46093 | AC88: 46093 | AI88: 10100 | AN88: =2700+700+500+192 -> 4092 | AP88: =1085+65.1 -> 1150.1 | AQ88: 745 | BA88: =Q88 -> 14 | BB88: =N88+BA88-1 -> 46085 | BC88: =S88 -> 10 | BD88: =AA88+BC88 -> 46102 | BF88: =VLOOKUP(C88,[1]Sheet!$F:$Q,10,FALSE) -> I | BG88: =VLOOKUP(C88,[1]Sheet!$F:$Q,5,FALSE) -> 110893.92 | BH88: =VLOOKUP(C88,[1]Sheet!$F:$Q,12,FALSE) -> 0 | BI88: =BG88-BH88 -> 110893.92
A89: =ROW()-2 -> 87 | B89: PSM | C89: UETU7456680 | D89: OOCL | E89: Kaidila | F89: MPM | G89: Sorento | H89: Dafuyuan | I89: 8613-RL | J89: 46028 | K89: 46039 | L89: 46041 | M89: 46047 | N89: 46072 | Q89: 14 | R89: + | S89: 10 | T89: 46077 | U89: 46078 | X89: 46091 | AA89: 46092 | AB89: 46094 | AC89: 46094 | AI89: 10100 | AN89: =2700+162 -> 2862 | AP89: =1085+65.1 -> 1150.1 | AQ89: 745 | BA89: =Q89 -> 14 | BB89: =N89+BA89-1 -> 46085 | BC89: =S89 -> 10 | BD89: =AA89+BC89 -> 46102 | BF89: =VLOOKUP(C89,[1]Sheet!$F:$Q,10,FALSE) -> I | BG89: =VLOOKUP(C89,[1]Sheet!$F:$Q,5,FALSE) -> 115151.49 | BH89: =VLOOKUP(C89,[1]Sheet!$F:$Q,12,FALSE) -> 0 | BI89: =BG89-BH89 -> 115151.49
A90: =ROW()-2 -> 88 | B90: MWH | C90: CAAU6128657 | D90: OOCL | E90: Kaidila | F90: MPM | G90: Sorento | H90: Dafuyuan | I90: 8608-P-RL+8608-RL | J90: 46028 | K90: 46039 | L90: 46041 | M90: 46047 | N90: 46072 | Q90: 14 | R90: + | S90: 10 | T90: 46077 | U90: 46078 | X90: 46091 | AA90: 46093 | AB90: 46094 | AC90: 46094 | AI90: 10100 | AN90: =2700+700+500+192 -> 4092 | AP90: =1240+74.4 -> 1314.4 | AQ90: 745 | BA90: =Q90 -> 14 | BB90: =N90+BA90-1 -> 46085 | BC90: =S90 -> 10 | BD90: =AA90+BC90 -> 46103 | BF90: =VLOOKUP(C90,[1]Sheet!$F:$Q,10,FALSE) -> I | BG90: =VLOOKUP(C90,[1]Sheet!$F:$Q,5,FALSE) -> 136830 | BH90: =VLOOKUP(C90,[1]Sheet!$F:$Q,12,FALSE) -> 0 | BI90: =BG90-BH90 -> 136830
A91: =ROW()-2 -> 89 | B91: MWH | C91: OOCU7500185 | D91: OOCL | E91: Kaidila | F91: MPM | G91: Sorento | H91: Dafuyuan | I91: 7099+8066-S150+8066-P+8066-S-UF+8318-RL-N | J91: 46028 | K91: 46039 | L91: 46041 | M91: 46047 | N91: 46072 | Q91: 14 | R91: + | S91: 10 | T91: 46077 | U91: 46078 | X91: 46091 | AA91: 46093 | AB91: 46095 | AC91: 46097 | AI91: 10100 | AN91: =2700+700+500+192 -> 4092 | AP91: =1240+74.4 -> 1314.4 | AQ91: 839.1 | BA91: =Q91 -> 14 | BB91: =N91+BA91-1 -> 46085 | BC91: =S91 -> 10 | BD91: =AA91+BC91 -> 46103 | BF91: =VLOOKUP(C91,[1]Sheet!$F:$Q,10,FALSE) -> I | BG91: =VLOOKUP(C91,[1]Sheet!$F:$Q,5,FALSE) -> 138156 | BH91: =VLOOKUP(C91,[1]Sheet!$F:$Q,12,FALSE) -> 0 | BI91: =BG91-BH91 -> 138156
A92: =ROW()-2 -> 90 | B92: PSM | C92: CAAU7291313 | D92: OOCL | E92: Kaidila | F92: MPM | G92: Sorento | H92: Dafuyuan | I92: 8317-RL-WEPLS | J92: 46028 | K92: 46039 | L92: 46041 | M92: 46047 | N92: 46072 | Q92: 14 | R92: + | S92: 10 | T92: 46077 | U92: 46078 | X92: 46091 | AA92: 46094 | AB92: 46095 | AC92: 46097 | AI92: 10100 | AN92: =2700+700+500+192 -> 4092 | AP92: =1395+83.7 -> 1478.7 | AQ92: 933.2 | BA92: =Q92 -> 14 | BB92: =N92+BA92-1 -> 46085 | BC92: =S92 -> 10 | BD92: =AA92+BC92 -> 46104 | BF92: =VLOOKUP(C92,[1]Sheet!$F:$Q,10,FALSE) -> I | BG92: =VLOOKUP(C92,[1]Sheet!$F:$Q,5,FALSE) -> 96000.01 | BH92: =VLOOKUP(C92,[1]Sheet!$F:$Q,12,FALSE) -> 0 | BI92: =BG92-BH92 -> 96000.01
A93: =ROW()-2 -> 91 | B93: MWH | C93: FCIU9949791 | D93: OOCL | E93: Kaidila | F93: MPM | G93: Sorento (Mocha) | H93: Jiexia | I93: 8840-S-RL+MWC7623-SH-S10+7623-SH-S8+7623-SH-S6+8036-SH+8088-S-UF-RL+8826-S+8840-P-RL | J93: 46053 | K93: 46056 | L93: 46069 | M93: 46077 | N93: 46080 | Q93: 14 | R93: + | S93: 10 | T93: 46085 | U93: 46086 | X93: 46095 | AA93: 46097 | AB93: 46098 | AC93: 46098 | AI93: 9330 | AN93: =2700+700+500+1000+31.8+192 -> 5123.8 | AP93: =620+37.2-657.2 -> 0 | AQ93: 636.3 | AU93: =191.06+11.46 -> 202.52 | BA93: =Q93 -> 14 | BB93: =N93+BA93-1 -> 46093 | BC93: =S93 -> 10 | BD93: =AA93+BC93 -> 46107 | BF93: =VLOOKUP(C93,[1]Sheet!$F:$Q,10,FALSE) -> I | BG93: =VLOOKUP(C93,[1]Sheet!$F:$Q,5,FALSE) -> 65745.52 | BH93: =VLOOKUP(C93,[1]Sheet!$F:$Q,12,FALSE) -> 0 | BI93: =BG93-BH93 -> 65745.52
A94: =ROW()-2 -> 92 | B94: PSM | C94: CSNU6339917 | D94: OOCL | E94: Kaidila | F94: MPM | G94: Sorento | H94: Jiexia | I94: 8840-S-RL | J94: 46053 | K94: 46056 | L94: 46069 | M94: 46077 | N94: 46080 | Q94: 14 | R94: + | S94: 10 | T94: 46085 | U94: 46086 | X94: 46095 | AA94: 46097 | AB94: 46100 | AC94: 46101 | AI94: 9330 | AN94: =2700+162 -> 2862 | AP94: =620+37.2-657.2 -> 0 | AQ94: 636.3 | BA94: =Q94 -> 14 | BB94: =N94+BA94-1 -> 46093 | BC94: =S94 -> 10 | BD94: =AA94+BC94 -> 46107 | BF94: =VLOOKUP(C94,[1]Sheet!$F:$Q,10,FALSE) -> I | BG94: =VLOOKUP(C94,[1]Sheet!$F:$Q,5,FALSE) -> 122188.5 | BH94: =VLOOKUP(C94,[1]Sheet!$F:$Q,12,FALSE) -> 0 | BI94: =BG94-BH94 -> 122188.5
A95: =ROW()-2 -> 93 | B95: BRW | C95: CAAU5026157 | D95: CMA | E95: Onetouch | F95: MPM | G95: Sorento | H95: Muchen | I95: 5261-NL+5260-NL+66636 | J95: 46064 | K95: 46065 | L95: 46068 | M95: 46079 | N95: 46084 | Q95: 14 | R95: + | S95: 0 | X95: 46091 | AA95: 46093 | AB95: 46095 | AC95: 46095 | AI95: 9200 | AN95: =2700+162 -> 2862 | AQ95: 293.8 | AU95: =48.15+2.89 -> 51.04 | BA95: =Q95 -> 14 | BB95: =N95+BA95-1 -> 46097 | BC95: =S95 -> 0 | BD95: =AA95+BC95 -> 46093 | BF95: =VLOOKUP(C95,[1]Sheet!$F:$Q,10,FALSE) -> I | BG95: =VLOOKUP(C95,[1]Sheet!$F:$Q,5,FALSE) -> 61227.4 | BH95: =VLOOKUP(C95,[1]Sheet!$F:$Q,12,FALSE) -> 0 | BI95: =BG95-BH95 -> 61227.4
A96: =ROW()-2 -> 94 | B96: BRW | C96: TGBU9610210 | D96: MSC | E96: Onetouch | F96: Sataka | G96: Sorento | H96: Yanggang | J96: 46059 | K96: 46061 | L96: 46065 | M96: 46076 | N96: 46077 | Q96: 21 | R96: + | S96: 0 | X96: 46079 | AA96: 46094 | AB96: 46095 | AC96: 46095 | AI96: =9400-216.67 -> 9183.33 | AN96: 2700 | AQ96: 600 | BA96: =Q96 -> 21 | BB96: =N96+BA96-1 -> 46097 | BC96: =S96 -> 0 | BD96: =AA96+BC96 -> 46094 | BF96: =VLOOKUP(C96,[1]Sheet!$F:$Q,10,FALSE) -> I | BG96: =VLOOKUP(C96,[1]Sheet!$F:$Q,5,FALSE) -> 139184 | BH96: =VLOOKUP(C96,[1]Sheet!$F:$Q,12,FALSE) -> 0 | BI96: =BG96-BH96 -> 139184
A97: =ROW()-2 -> 95 | B97: BRW | C97: MSNU9256570 | D97: MSC | E97: Onetouch | F97: Sataka | G97: Sorento (Mocha) | H97: Yanggang | J97: 46059 | K97: 46061 | L97: 46065 | M97: 46076 | N97: 46077 | Q97: 21 | R97: + | S97: 0 | X97: 46079 | AA97: 46095 | AB97: 46097 | AC97: 46098 | AI97: =9400-216.67 -> 9183.33 | AN97: 2700 | AP97: 280 | AQ97: 636.3 | BA97: =Q97 -> 21 | BB97: =N97+BA97-1 -> 46097 | BC97: =S97 -> 0 | BD97: =AA97+BC97 -> 46095 | BF97: =VLOOKUP(C97,[1]Sheet!$F:$Q,10,FALSE) -> I | BG97: =VLOOKUP(C97,[1]Sheet!$F:$Q,5,FALSE) -> 117157 | BH97: =VLOOKUP(C97,[1]Sheet!$F:$Q,12,FALSE) -> 0 | BI97: =BG97-BH97 -> 117157
A98: =ROW()-2 -> 96 | B98: MWH | C98: MSMU7459425 | D98: MSC | E98: Onetouch | F98: Sataka | G98: Sorento (Mocha) | H98: Yanggang+Kailu | J98: 46059 | K98: 46061 | L98: 46065 | M98: 46076 | N98: 46077 | Q98: 21 | R98: + | S98: 0 | X98: 46079 | AA98: 46095 | AB98: 46100 | AC98: 46100 | AI98: =9400-216.67 -> 9183.33 | AN98: 2700 | AP98: 840 | AQ98: 636.3 | BA98: =Q98 -> 21 | BB98: =N98+BA98-1 -> 46097 | BC98: =S98 -> 0 | BD98: =AA98+BC98 -> 46095 | BF98: =VLOOKUP(C98,[1]Sheet!$F:$Q,10,FALSE) -> I | BG98: =VLOOKUP(C98,[1]Sheet!$F:$Q,5,FALSE) -> 2400 | BH98: =VLOOKUP(C98,[1]Sheet!$F:$Q,12,FALSE) -> 0 | BI98: =BG98-BH98 -> 2400
A99: =ROW()-2 -> 97 | B99: BRW | C99: BMOU6449990 | D99: CMA | E99: Hongxin | F99: MPM | G99: Sorento (Mocha) | H99: Taiyang | J99: 46059 | K99: 46061 | L99: 46063 | M99: 46075 | N99: 46078 | Q99: 14 | R99: + | S99: 0 | X99: 46093 | AA99: 46095 | AB99: 46096 | AC99: 46098 | AI99: 9900 | AN99: =2700+162 -> 2862 | AP99: 2320 | AQ99: 600 | AU99: =541.33+32.48 -> 573.81 | BA99: =Q99 -> 14 | BB99: =N99+BA99-1 -> 46091 | BC99: =S99 -> 0 | BD99: =AA99+BC99 -> 46095 | BF99: =VLOOKUP(C99,[1]Sheet!$F:$Q,10,FALSE) -> I | BG99: =VLOOKUP(C99,[1]Sheet!$F:$Q,5,FALSE) -> 713400 | BH99: =VLOOKUP(C99,[1]Sheet!$F:$Q,12,FALSE) -> 0 | BI99: =BG99-BH99 -> 713400
A100: =ROW()-2 -> 98 | B100: KUC | C100: TRHU6984463 | D100: SITC | E100: J&H | F100: MPM | G100: Sorento | H100: Jinbaichuan+Lanyi+Gaode+Dafuyuan (Kuching) | J100: 46050 | K100: 46053 | L100: 46055 | M100: 46067 | N100: 46079 | Q100: 14 | R100: + | S100: 5 | T100: 46085 | U100: 46087 | AA100: 46094 | AB100: 46095 | AC100: 46095 | AI100: 24700 | AN100: =2700+300+200+1000+150+500+231 -> 5081 | AP100: 354 | AQ100: =82+512.5 -> 594.5 | AU100: =90.95+5.46 -> 96.41 | BA100: =Q100 -> 14 | BB100: =N100+BA100-1 -> 46092 | BC100: =S100 -> 5 | BD100: =AA100+BC100 -> 46099 | BF100: =VLOOKUP(C100,[1]Sheet!$F:$Q,10,FALSE) -> #N/A | BG100: =VLOOKUP(C100,[1]Sheet!$F:$Q,5,FALSE) -> #N/A | BH100: =VLOOKUP(C100,[1]Sheet!$F:$Q,12,FALSE) -> #N/A | BI100: =BG100-BH100 -> #N/A
...

Sheet Arrived - Joint Mocha Container
A1: FITTING CONTAINER 2026- JOINT MOCHA CONTAINER | AK1: 1.4% - 1.6% | AT1: 1.6
A2: NO | B2: LOC | C2: CONTAINER | D2: LINER | E2: CHINA FORWARDER | F2: MALAYSIA FORWARDER | G2: CONSIGNEE | H2: FACTORY | I2: PRODUCT | J2: LOADING | K2: ETC | L2: ETD | M2: ETA | N2: ETA DELAY | O2: ATA | P2: STACKED | Q2: FREE DAYS AVAILABLE | T2: INSPECTION | U2: APPROVAL | V2: ORI DOC RECEIVED DATE | W2: K1 SUBMISSION | X2: GATEPASS | Y2: DELIVERY WAREHOUSE | Z2: YARD ARRIVALS | AA2: WAREHOUSE ARRIVALS | AB2: INFORMED COLLECTION | AC2: COLLECTION | AD2: REMARKS 1 | AE2: REMARKS 2 | AF2: REMARKS 3 | AG2: 2ND LABOUR CHARGE | AH2: K1 RATE | AI2: CHINA FORWARDING COST (RMB) | AJ2: PRODUCT VALUE (RMB) | AK2: 0.014 | AL2: DATE RECEIVE K1 | AM2: SST AMOUNT | AN2: LOCAL CLEARANCE CHARGES | AO2: KOPI | AP2: DEMURRAGE | AQ2: PORT CHARGES | AR2: DETENTION | AS2: TOTAL LOCAL CLEARANCE | AT2: TOTAL FREIGHT | AU2: CARGO INSURANCE | AV2: SRT? MBS? BOTH? | AW2: LOCAL CLEARANCE CHARGES | AX2: USD | AY2: 10% SST | BB2: Demurrange | BD2: Detention
A3: ='Arrived - Joint Mocha Container'!A6+1 -> 3 | B3: PSM | C3: BEAU6237189 | D3: COSCO | E3: J&H | F3: MPM | G3: Mocha | H3: HaiHuang | J3: 46042 | K3: 46045 | L3: 46047 | M3: 46059 | N3: 46061 | Q3: 14 | R3: + | S3: 0 | X3: 46067 | AA3: 46077 | AB3: 46078 | AC3: 46078 | AI3: 11250 | AN3: =2700+162 -> 2862 | AP3: 1823.2 | AQ3: 565 | AU3: =56.09+3.37 -> 59.46 | BB3: =Q3 -> 14 | BC3: =N3+BB3-1 -> 46074 | BD3: =S3 -> 0 | BE3: =AA3+BD3 -> 46077 | BG3: =VLOOKUP(C3,[1]Sheet!$F:$Q,10,FALSE) -> I | BH3: =VLOOKUP(C3,[1]Sheet!$F:$Q,5,FALSE) -> 34125.32 | BI3: =VLOOKUP(C3,[1]Sheet!$F:$Q,12,FALSE) -> 0 | BJ3: =BH3-BI3 -> 34125.32
A4: ='Arrived - Joint Mocha Container'!A3+1 -> 4 | B4: MWH | C4: CMAU9237528 | D4: CMA | E4: Hongxin | F4: MPM | G4: Mocha | H4: Taiyang | J4: 46048 | K4: 46049 | L4: 46051 | M4: 46062 | N4: 46064 | Q4: 14 | R4: + | S4: 0 | X4: 46067 | AA4: 46078 | AB4: 46081 | AC4: 46083 | AI4: 10200 | AN4: =2700+162 -> 2862 | AP4: 1920 | AQ4: 491.3 | AU4: =444.07+26.64 -> 470.71 | BB4: =Q4 -> 14 | BC4: =N4+BB4-1 -> 46077 | BD4: =S4 -> 0 | BE4: =AA4+BD4 -> 46078 | BG4: =VLOOKUP(C4,[1]Sheet!$F:$Q,10,FALSE) -> I | BH4: =VLOOKUP(C4,[1]Sheet!$F:$Q,5,FALSE) -> 465852.5 | BI4: =VLOOKUP(C4,[1]Sheet!$F:$Q,12,FALSE) -> 0 | BJ4: =BH4-BI4 -> 465852.5
A5: 1 | B5: MWH | C5: CSNU7027750 | D5: COSCO | E5: J&H | F5: MPM | G5: Mocha | H5: Muchen | J5: 46033 | K5: 46035 | L5: 46037 | M5: 46045 | N5: 46049 | Q5: 14 | R5: + | S5: 0 | X5: 46058 | AA5: 46060 | AC5: 46062 | AI5: 11300 | AN5: =2700+162 -> 2862 | AQ5: 417.5 | AU5: =93.8+5.63 -> 99.43 | BB5: =Q5 -> 14 | BC5: =N5+BB5-1 -> 46062 | BD5: =S5 -> 0 | BE5: =AA5+BD5 -> 46060 | BG5: =VLOOKUP(C5,[1]Sheet!$F:$Q,10,FALSE) -> I | BH5: =VLOOKUP(C5,[1]Sheet!$F:$Q,5,FALSE) -> 47261.2 | BI5: =VLOOKUP(C5,[1]Sheet!$F:$Q,12,FALSE) -> 0 | BJ5: =BH5-BI5 -> 47261.2
A6: ='Arrived - Joint Mocha Container'!A5+1 -> 2 | B6: MWH | C6: OOCU7104944 | D6: OOCL | E6: Onetouch | F6: Sataka | G6: Mocha | H6: Honor | J6: 46034 | K6: 46037 | L6: 46039 | M6: 46050 | N6: 46058 | Q6: 14 | R6: + | S6: 0 | X6: 46059 | AA6: 46067 | AC6: 46074 | AI6: 9800 | AN6: 2700 | AQ6: 293.8 | BB6: =Q6 -> 14 | BC6: =N6+BB6-1 -> 46071 | BD6: =S6 -> 0 | BE6: =AA6+BD6 -> 46067 | BG6: =VLOOKUP(C6,[1]Sheet!$F:$Q,10,FALSE) -> I | BH6: =VLOOKUP(C6,[1]Sheet!$F:$Q,5,FALSE) -> 20558.5 | BI6: =VLOOKUP(C6,[1]Sheet!$F:$Q,12,FALSE) -> 0 | BJ6: =BH6-BI6 -> 20558.5
A7: 1 | B7: MWH | C7: MSMU5635870 | D7: MSC | E7: Onetouch | F7: MPM | G7: Mocha | H7: Haihuang+Nat Plumbing+Jinbaichuan+Wenli+Kellyware | J7: 46056 | K7: 46057 | L7: 46059 | M7: 46069 | N7: 46082 | Q7: 21 | R7: + | S7: 0 | X7: 46083 | AA7: 46091 | AB7: 46092 | AC7: 46094 | AI7: 10250 | AN7: =2700+162 -> 2862 | AQ7: 293.8 | AU7: =80.4+4.82 -> 85.22 | BA7: =Q7 -> 21 | BB7: =N7+BA7-1 -> 46102 | BC7: =S7 -> 0 | BD7: =AA7+BC7 -> 46091 | BF7: =VLOOKUP(C7,[1]Sheet!$F:$Q,10,FALSE) -> I | BG7: =VLOOKUP(C7,[1]Sheet!$F:$Q,5,FALSE) -> 25240 | BH7: =VLOOKUP(C7,[1]Sheet!$F:$Q,12,FALSE) -> 0 | BI7: =BG7-BH7 -> 25240
A8: 1 | B8: MWH | C8: MSDU5887789 | D8: MSC | E8: Onetouch | F8: MPM | G8: Mocha (Sorento) | H8: Affanni+Kaixin+Caizhou+Chaosheng+IDC+Kailu+Hongjie | J8: 46112 | K8: 46116 | L8: 46118 | M8: 46125 | N8: 46124 | Q8: 14 | R8: + | S8: 0 | X8: 46127 | AA8: 46128 | AB8: 46129 | AC8: 46130 | AI8: 10600 | AN8: =1798.39+107.9 -> 1906.29 | AU8: =391.62+23.5 -> 415.12 | BA8: =Q8 -> 14 | BB8: =N8+BA8-1 -> 46137 | BC8: =S8 -> 0 | BD8: =AA8+BC8 -> 46128 | BF8: =VLOOKUP(C8,[1]Sheet!$F:$Q,10,FALSE) -> I | BG8: =VLOOKUP(C8,[1]Sheet!$F:$Q,5,FALSE) -> 0 | BH8: =VLOOKUP(C8,[1]Sheet!$F:$Q,12,FALSE) -> 0 | BI8: =BG8-BH8 -> 0
A9: ='Arrived - Joint Mocha Container'!A8+1 -> 2 | B9: MWH | C9: BMOU5697857 | D9: YML | E9: Onetouch | F9: MPM | G9: Mocha (Sorento) | H9: Haihuang+Dafuyuan+Muchen | I9: SAMPLE CABINET FOR MR LOO | J9: 46120 | K9: 46122 | L9: 46124 | M9: 46131 | N9: 46132 | Q9: 14 | R9: + | S9: 14 | AA9: 46133 | AB9: 46134 | AC9: 46135 | AI9: 10500 | AN9: =1101.08+60.66 -> 1161.74 | AU9: =32.02+1.92 -> 33.94 | BA9: =Q9 -> 14 | BB9: =N9+BA9-1 -> 46145 | BC9: =S9 -> 14 | BD9: =AA9+BC9 -> 46147 | BF9: =VLOOKUP(C9,[1]Sheet!$F:$Q,10,FALSE) -> I | BG9: =VLOOKUP(C9,[1]Sheet!$F:$Q,5,FALSE) -> 18087.5 | BH9: =VLOOKUP(C9,[1]Sheet!$F:$Q,12,FALSE) -> 0 | BI9: =BG9-BH9 -> 18087.5
A10: 1 | B10: MWH | C10: CAIU4614360 | D10: MSC | E10: Onetouch | F10: Sataka | G10: Mocha (Sorento) | H10: Yanggang | I10: EMPTY CARTON FOR KS7544-BL-NL | J10: 46122 | K10: 46126 | L10: 46128 | M10: 46134 | N10: 46135 | Q10: 14 | R10: + | S10: 0 | X10: 46135 | AA10: 46136 | AI10: 11150 | BA10: =Q10 -> 14 | BB10: =N10+BA10-1 -> 46148 | BC10: =S10 -> 0 | BD10: =AA10+BC10 -> 46136 | BF10: =VLOOKUP(C10,[1]Sheet!$F:$Q,10,FALSE) -> I | BG10: =VLOOKUP(C10,[1]Sheet!$F:$Q,5,FALSE) -> 0 | BH10: =VLOOKUP(C10,[1]Sheet!$F:$Q,12,FALSE) -> 0 | BI10: =BG10-BH10 -> 0
A11: 1 | B11: MWH | C11: TRHU7714436 | D11: LNL | E11: J&H | F11: MPM | G11: Mocha | H11: Haihuang+Lanyi+Nat | J11: 46142 | K11: 46144 | L11: 46146 | M11: 46153 | N11: 46153 | Q11: 21 | R11: + | S11: 0 | X11: 46157 | AA11: 46159 | AB11: 46160 | AC11: 46161 | AI11: 10300 | AN11: =245.47+14.73 -> 260.2 | AQ11: 15.78 | AU11: =4.27+0.26 -> 4.53 | BA11: =Q11 -> 21 | BB11: =N11+BA11-1 -> 46173 | BC11: =S11 -> 0 | BD11: =AA11+BC11 -> 46159 | BF11: =VLOOKUP(C11,[1]Sheet!$F:$Q,10,FALSE) -> I | BG11: =VLOOKUP(C11,[1]Sheet!$F:$Q,5,FALSE) -> 1440 | BH11: =VLOOKUP(C11,[1]Sheet!$F:$Q,12,FALSE) -> 0 | BI11: =BG11-BH11 -> 1440
A12: 1 | B12: MWH | C12: ESDU4094566 | D12: ESL | E12: Onetouch | F12: MPM | G12: Mocha | H12: Haihuang+Lanyi+Wenli | J12: 46152 | K12: 46154 | L12: 46156 | M12: 46164 | N12: 46171 | Q12: 14 | R12: + | S12: 0 | X12: 46178 | AA12: 46179 | AB12: 46184 | AC12: 46185 | AI12: 10600 | BA12: =Q12 -> 14 | BB12: =N12+BA12-1 -> 46184 | BC12: =S12 -> 0 | BD12: =AA12+BC12 -> 46179 | BF12: =VLOOKUP(C12,[1]Sheet!$F:$Q,10,FALSE) -> I | BG12: =VLOOKUP(C12,[1]Sheet!$F:$Q,5,FALSE) -> 2125 | BH12: =VLOOKUP(C12,[1]Sheet!$F:$Q,12,FALSE) -> 0 | BI12: =BG12-BH12 -> 2125
A13: 2 | B13: MWH | C13: PCIU9636668 | D13: PIL | E13: Onetouch | F13: MPM | G13: Mocha | H13: Honor+Kailu+IDC+Aosgorhe | J13: 46154 | K13: 46158 | L13: 46159 | M13: 46166 | N13: 46166 | Q13: 7 | R13: + | S13: 7 | X13: 46178 | AA13: 46179 | AB13: 46182 | AC13: 46182 | AI13: 11000 | BA13: =Q13 -> 7 | BB13: =N13+BA13-1 -> 46172 | BC13: =S13 -> 7 | BD13: =AA13+BC13 -> 46186 | BF13: =VLOOKUP(C13,[1]Sheet!$F:$Q,10,FALSE) -> I | BG13: =VLOOKUP(C13,[1]Sheet!$F:$Q,5,FALSE) -> 62000 | BH13: =VLOOKUP(C13,[1]Sheet!$F:$Q,12,FALSE) -> 0 | BI13: =BG13-BH13 -> 62000
A14: 1 | B14: PSM | C14: CMAU9810100 | D14: CMA | E14: Onetouch | F14: MPM | G14: Mocha | H14: Taiyang | J14: 46174 | K14: 46175 | L14: 46177 | M14: 46188 | N14: 46187 | Q14: 14 | R14: + | S14: 7 | X14: 46192 | AA14: 46193 | AC14: 46194 | AI14: 10050 | BA14: =Q14 -> 14 | BB14: =N14+BA14-1 -> 46200 | BC14: =S14 -> 7 | BD14: =AA14+BC14 -> 46200 | BF14: =VLOOKUP(C14,[1]Sheet!$F:$Q,10,FALSE) -> I | BG14: =VLOOKUP(C14,[1]Sheet!$F:$Q,5,FALSE) -> 197995.8 | BH14: =VLOOKUP(C14,[1]Sheet!$F:$Q,12,FALSE) -> 0 | BI14: =BG14-BH14 -> 197995.8
A15: =Fitting!A32+1 -> 2 | B15: MWH | C15: TCNU3652081 | D15: YML | E15: Onetouch | F15: Sataka | G15: Mocha | H15: Haihuang+Lanyi+Jinbaichuan | J15: 46184 | K15: 46185 | L15: 46187 | M15: 46194 | N15: 46202 | Q15: 14 | R15: + | S15: 14 | X15: 46206 | AA15: 46211 | AB15: 46212 | AC15: 46212 | AI15: 11350 | BA15: =Q15 -> 14 | BB15: =N15+BA15-1 -> 46215 | BC15: =S15 -> 14 | BD15: =AA15+BC15 -> 46225 | BF15: =VLOOKUP(C15,[1]Sheet!$F:$Q,9,FALSE) -> 0.6031 | BG15: =VLOOKUP(C15,[1]Sheet!$F:$Q,5,FALSE) -> 14520 | BH15: =VLOOKUP(C15,[1]Sheet!$F:$Q,12,FALSE) -> 0 | BI15: =BG15-BH15 -> 14520
A16: ='Arrived - Joint Mocha Container'!A15+1 -> 3 | B16: MWH | C16: CSNU7568570 | D16: OOCL | E16: Onetouch | F16: Sataka | G16: Mocha | H16: Yangggang | J16: 46191 | K16: 46194 | L16: 46196 | M16: 46205 | N16: 46209 | Q16: 14 | R16: + | S16: 0 | AA16: 46212 | AC16: 46212 | AI16: 13600 | BA16: =Q16 -> 14 | BB16: =N16+BA16-1 -> 46222 | BC16: =S16 -> 0 | BD16: =AA16+BC16 -> 46212 | BF16: =VLOOKUP(C16,[1]Sheet!$F:$Q,9,FALSE) -> 0.6059 | BG16: =VLOOKUP(C16,[1]Sheet!$F:$Q,5,FALSE) -> 21840 | BH16: =VLOOKUP(C16,[1]Sheet!$F:$Q,12,FALSE) -> 0 | BI16: =BG16-BH16 -> 21840
A17: ='Arrived - Joint Mocha Container'!A16+1 -> 4 | B17: MWH | C17: TCLU8923553 | D17: ONE | E17: Onetouch | F17: MPM | G17: Mocha | H17: Haihuang+Lanyi | J17: 46196 | K17: 46198 | L17: 46200 | M17: 46206 | N17: 46209 | Q17: 14 | R17: + | S17: 0 | X17: 46210 | AA17: 46217 | AB17: 46218 | AI17: 12900 | BA17: =Q17 -> 14 | BB17: =N17+BA17-1 -> 46222 | BC17: =S17 -> 0 | BD17: =AA17+BC17 -> 46217 | BF17: =VLOOKUP(C17,[1]Sheet!$F:$Q,9,FALSE) -> 0.6059 | BG17: =VLOOKUP(C17,[1]Sheet!$F:$Q,5,FALSE) -> 36850 | BH17: =VLOOKUP(C17,[1]Sheet!$F:$Q,12,FALSE) -> 0 | BI17: =BG17-BH17 -> 36850
A21: CERAMIC CONTAINER 2026 - JOINT MOCHA CONTAINER | AT21: 1.6
A22: NO | B22: LOC | C22: CONTAINER | D22: LINER | E22: CHINA FORWARDER | F22: MALAYSIA FORWARDER | G22: CONSIGNEE | H22: FACTORY | I22: PRODUCT | J22: LOADING | K22: ETC | L22: ETD | M22: ETA | N22: ETA DELAY | O22: ATA | P22: STACKED | Q22: FREE DAYS AVAILABLE | T22: INSPECTION | U22: APPROVAL | V22: ORI DOC RECEIVED DATE | W22: K1 SUBMISSION | X22: GATEPASS | Y22: DELIVERY WAREHOUSE | Z22: YARD ARRIVALS | AA22: WAREHOUSE ARRIVALS | AB22: INFORMED COLLECTION | AC22: COLLECTION | AD22: REMARKS 1 | AE22: REMARKS 2 | AF22: REMARKS 3 | AG22: 2ND LABOUR CHARGE | AH22: K1 RATE | AI22: CHINA FORWARDING COST (RMB) | AL22: DATE RECEIVE K1 | AM22: SST AMOUNT | AN22: LOCAL CLEARANCE CHARGES | AO22: KOPI | AP22: DEMURRAGE | AQ22: PORT CHARGES | AR22: DETENTION | AS22: TOTAL LOCAL CLEARANCE | AT22: TOTAL FREIGHT | AU22: CARGO INSURANCE | AV22: SRT? MBS? BOTH? | AW22: LOCAL CLEARANCE CHARGES | AX22: USD | AY22: SST | BB22: Demurrage | BD22: Detention
A23: 1 | BA23: =Q23 -> 0 | BB23: =N23+BA23-1 -> -1 | BC23: =S23 -> 0 | BD23: =AA23+BC23 -> 0
A24: 2 | BA24: =Q24 -> 0 | BB24: =N24+BA24-1 -> -1 | BC24: =S24 -> 0 | BD24: =AA24+BC24 -> 0

Sheet Arrived (Mocha) Joint BL
A1: ARRIVED - MOCHA（JOINT BL）FULL CONTAINER | AK1: 1.4% - 1.6%
A2: NO | B2: LOC | C2: CONTAINER | D2: LINER | E2: CHINA FORWARDER | F2: MALAYSIA FORWARDER | G2: CONSIGNEE | H2: FACTORY | I2: PRODUCT | J2: LOADING | K2: ETC | L2: ETD | M2: ETA | N2: ETA DELAY | O2: ATA | P2: STACKED | Q2: FREE DAYS AVAILABLE | T2: INSPECTION | U2: APPROVAL | V2: ORI DOC RECEIVED DATE | W2: K1 SUBMISSION | X2: GATEPASS | Y2: DELIVERY WAREHOUSE | Z2: YARD ARRIVALS | AA2: WAREHOUSE ARRIVALS | AB2: INFORMED COLLECTION | AC2: COLLECTION | AD2: REMARKS 1 | AE2: REMARKS 2 | AF2: REMARKS 3 | AG2: 2ND LABOUR CHARGE | AH2: K1 RATE | AI2: CHINA FORWARDING COST (RMB) | AJ2: PRODUCT VALUE (RMB) | AK2: 0.014 | AL2: DATE RECEIVE K1 | AM2: SST AMOUNT | AN2: LOCAL CLEARANCE CHARGES | AO2: KOPI | AP2: DEMURRAGE | AQ2: PORT CHARGES | AR2: DETENTION | AS2: TOTAL LOCAL CLEARANCE | AT2: TOTAL FREIGHT | AU2: CARGO INSURANCE | AV2: SRT? MBS? BOTH? | AW2: LOCAL CLEARANCE CHARGES | AX2: USD | AY2: SST | BB2: Demurrage | BD2: Detention
A3: 1
A4: 2
A5: 3
A6: 4
A7: 5
A8: 6
A9: 7
A10: 8
